BZBTYKT6J87853AW,JRTCKXETXF,BZBTYKT6J87853AW.JRTCKXETXF.6YS6EN2CT7,OnDemand,$0.203 per Dedicated RHEL c1.medium Instance Hour,01/08/2018,0,Inf,Hrs,0.203,USD,,,,Compute Instance,AmazonEC2,US East (N. Virginia),AWS Region,c1.medium,No,Compute optimized,2,Intel Xeon Family,,1.7 GiB,1 x 350,Moderate,32-bit or 64-bit,,,,,,,,Dedicated,,RHEL,No License required,,,,,,,,DedicatedUsage:c1.medium,RunInstances:0010,Used,,5,,,,,,,,,,,,,,,,,,,,,,2,,NA,,Amazon Elastic Compute Cloud
3GCSD3HHQWFGV39C,JRTCKXETXF,3GCSD3HHQWFGV39C.JRTCKXETXF.6YS6EN2CT7,OnDemand,$0.702 per Dedicated RHEL c1.xlarge Instance Hour,01/08/2018,0,Inf,Hrs,0.702,USD,,,,Compute Instance,AmazonEC2,US East (N. Virginia),AWS Region,c1.xlarge,No,Compute optimized,8,Intel Xeon Family,,7 GiB,4 x 420,High,64-bit,,,,,,,,Dedicated,,RHEL,No License required,,,,,,,,DedicatedUsage:c1.xlarge,RunInstances:0010,Used,,20,,,,,,,,,,,,,,,,,,,,,,8,,NA,,Amazon Elastic Compute Cloud
XTPNAJDDCCQR3XRZ,JRTCKXETXF,XTPNAJDDCCQR3XRZ.JRTCKXETXF.6YS6EN2CT7,OnDemand,$0.592 per Dedicated RHEL c3.2xlarge Instance Hour,01/08/2018,0,Inf,Hrs,0.592,USD,,,,Compute Instance,AmazonEC2,US East (N. Virginia),AWS Region,c3.2xlarge,No,Compute optimized,8,Intel Xeon E5-2680 v2 (Ivy Bridge),2.8 GHz,15 GiB,2 x 80 SSD,High,64-bit,,,,,,,,Dedicated,,RHEL,No License required,,,,,,,,DedicatedUsage:c3.2xlarge,RunInstances:0010,Used,,28,,Yes,,,,,,,,,,,,,,,,,,,,16,,NA,Intel AVX; Intel Turbo,Amazon Elastic Compute Cloud
WHSMTPG2EQZT7C6G,JRTCKXETXF,WHSMTPG2EQZT7C6G.JRTCKXETXF.6YS6EN2CT7,OnDemand,$1.054 per Dedicated RHEL c3.4xlarge Instance Hour,01/08/2018,0,Inf,Hrs,1.054,USD,,,,Compute Instance,AmazonEC2,US East (N. Virginia),AWS Region,c3.4xlarge,No,Compute optimized,16,Intel Xeon E5-2680 v2 (Ivy Bridge),2.8 GHz,30 GiB,2 x 160 SSD,High,64-bit,,,,,,,,Dedicated,,RHEL,No License required,,,,,,,,DedicatedUsage:c3.4xlarge,RunInstances:0010,Used,,55,,Yes,,,,,,,,,,,,,,,,,,,,32,,NA,Intel AVX; Intel Turbo,Amazon Elastic Compute Cloud
T66DXZFUDZ8KW7UG,JRTCKXETXF,T66DXZFUDZ8KW7UG.JRTCKXETXF.6YS6EN2CT7,OnDemand,$1.810 per Dedicated RHEL c3.8xlarge Instance Hour,01/08/2018,0,Inf,Hrs,1.81,USD,,,,Compute Instance,AmazonEC2,US East (N. Virginia),AWS Region,c3.8xlarge,No,Compute optimized,32,Intel Xeon E5-2680 v2 (Ivy Bridge),2.8 GHz,60 GiB,2 x 320 SSD,10 Gigabit,64-bit,,,,,,,,Dedicated,,RHEL,No License required,,,,,,,,DedicatedUsage:c3.8xlarge,RunInstances:0010,Used,,108,,Yes,,,,,,,,,,,,,,,,,,,,64,,NA,Intel AVX; Intel Turbo,Amazon Elastic Compute Cloud
REEFNGM3CZ2DRRN8,JRTCKXETXF,REEFNGM3CZ2DRRN8.JRTCKXETXF.6YS6EN2CT7,OnDemand,$0.176 per Dedicated RHEL c3.large Instance Hour,01/08/2018,0,Inf,Hrs,0.176,USD,,,,Compute Instance,AmazonEC2,US East (N. Virginia),AWS Region,c3.large,No,Compute optimized,2,Intel Xeon E5-2680 v2 (Ivy Bridge),2.8 GHz,3.75 GiB,2 x 16 SSD,Moderate,32-bit or 64-bit,,,,,,,,Dedicated,,RHEL,No License required,,,,,,,,DedicatedUsage:c3.large,RunInstances:0010,Used,,7,,Yes,,,,,,,,,,,,,,,,,,,,4,,NA,Intel AVX; Intel Turbo,Amazon Elastic Compute Cloud
HMNJVFAEBVXVF64D,JRTCKXETXF,HMNJVFAEBVXVF64D.JRTCKXETXF.6YS6EN2CT7,OnDemand,$0.291 per Dedicated RHEL c3.xlarge Instance Hour,01/08/2018,0,Inf,Hrs,0.291,USD,,,,Compute Instance,AmazonEC2,US East (N. Virginia),AWS Region,c3.xlarge,No,Compute optimized,4,Intel Xeon E5-2680 v2 (Ivy Bridge),2.8 GHz,7.5 GiB,2 x 40 SSD,Moderate,64-bit,,,,,,,,Dedicated,,RHEL,No License required,,,,,,,,DedicatedUsage:c3.xlarge,RunInstances:0010,Used,,14,,Yes,,,,,,,,,,,,,,,,,,,,8,,NA,Intel AVX; Intel Turbo,Amazon Elastic Compute Cloud
GTVQFYE9FHRN6U2Z,JRTCKXETXF,GTVQFYE9FHRN6U2Z.JRTCKXETXF.6YS6EN2CT7,OnDemand,$0.568 per Dedicated Usage RHEL c4.2xlarge Instance Hour,01/08/2018,0,Inf,Hrs,0.568,USD,,,,Compute Instance,AmazonEC2,US East (N. Virginia),AWS Region,c4.2xlarge,Yes,Compute optimized,8,Intel Xeon E5-2666 v3 (Haswell),2.9 GHz,15 GiB,EBS only,High,64-bit,,,,,,,,Dedicated,,RHEL,No License required,,,,,,,,DedicatedUsage:c4.2xlarge,RunInstances:0010,Used,1000 Mbps,31,,Yes,,,,,,,,,,,,,,,,,,,,16,,NA,Intel AVX; Intel AVX2; Intel Turbo,Amazon Elastic Compute Cloud
J4WQF46DKE3825ST,JRTCKXETXF,J4WQF46DKE3825ST.JRTCKXETXF.6YS6EN2CT7,OnDemand,$1.006 per Dedicated Usage RHEL c4.4xlarge Instance Hour,01/08/2018,0,Inf,Hrs,1.006,USD,,,,Compute Instance,AmazonEC2,US East (N. Virginia),AWS Region,c4.4xlarge,Yes,Compute optimized,16,Intel Xeon E5-2666 v3 (Haswell),2.9 GHz,30 GiB,EBS only,High,64-bit,,,,,,,,Dedicated,,RHEL,No License required,,,,,,,,DedicatedUsage:c4.4xlarge,RunInstances:0010,Used,2000 Mbps,62,,Yes,,,,,,,,,,,,,,,,,,,,32,,NA,Intel AVX; Intel AVX2; Intel Turbo,Amazon Elastic Compute Cloud
SJ2H8X62JZ6P6N48,JRTCKXETXF,SJ2H8X62JZ6P6N48.JRTCKXETXF.6YS6EN2CT7,OnDemand,$1.721 per Dedicated Usage RHEL c4.8xlarge Instance Hour,01/08/2018,0,Inf,Hrs,1.721,USD,,,,Compute Instance,AmazonEC2,US East (N. Virginia),AWS Region,c4.8xlarge,Yes,Compute optimized,36,Intel Xeon E5-2666 v3 (Haswell),2.9 GHz,60 GiB,EBS only,10 Gigabit,64-bit,,,,,,,,Dedicated,,RHEL,No License required,,,,,,,,DedicatedUsage:c4.8xlarge,RunInstances:0010,Used,4000 Mbps,132,,Yes,,,,,,,,,,,,,,,,,,,,64,,NA,Intel AVX; Intel AVX2; Intel Turbo,Amazon Elastic Compute Cloud
VC8RXUKPQB42NMCF,JRTCKXETXF,VC8RXUKPQB42NMCF.JRTCKXETXF.6YS6EN2CT7,OnDemand,$0.17 per Dedicated Usage RHEL c4.large Instance Hour,01/08/2018,0,Inf,Hrs,0.17,USD,,,,Compute Instance,AmazonEC2,US East (N. Virginia),AWS Region,c4.large,Yes,Compute optimized,2,Intel Xeon E5-2666 v3 (Haswell),2.9 GHz,3.75 GiB,EBS only,Moderate,64-bit,,,,,,,,Dedicated,,RHEL,No License required,,,,,,,,DedicatedUsage:c4.large,RunInstances:0010,Used,500 Mbps,8,,Yes,,,,,,,,,,,,,,,,,,,,4,,NA,Intel AVX; Intel AVX2; Intel Turbo,Amazon Elastic Compute Cloud
F2Q73ZKZWDKZ25TB,JRTCKXETXF,F2Q73ZKZWDKZ25TB.JRTCKXETXF.6YS6EN2CT7,OnDemand,$0.279 per Dedicated Usage RHEL c4.xlarge Instance Hour,01/08/2018,0,Inf,Hrs,0.279,USD,,,,Compute Instance,AmazonEC2,US East (N. Virginia),AWS Region,c4.xlarge,Yes,Compute optimized,4,Intel Xeon E5-2666 v3 (Haswell),2.9 GHz,7.5 GiB,EBS only,High,64-bit,,,,,,,,Dedicated,,RHEL,No License required,,,,,,,,DedicatedUsage:c4.xlarge,RunInstances:0010,Used,750 Mbps,16,,Yes,,,,,,,,,,,,,,,,,,,,8,,NA,Intel AVX; Intel AVX2; Intel Turbo,Amazon Elastic Compute Cloud
9VRMFY5RW5MYMD9F,JRTCKXETXF,9VRMFY5RW5MYMD9F.JRTCKXETXF.6YS6EN2CT7,OnDemand,$3.19 per Dedicated RHEL c5.18xlarge Instance Hour,01/08/2018,0,Inf,Hrs,3.19,USD,,,,Compute Instance,AmazonEC2,US East (N. Virginia),AWS Region,c5.18xlarge,Yes,Compute optimized,72,Intel Xeon Platinum 8124M,3.0 Ghz,144 GiB,EBS only,25 Gigabit,64-bit,,,,,,,,Dedicated,,RHEL,No License required,,,,,,,,DedicatedUsage:c5.18xlarge,RunInstances:0010,Used,9000 Mbps,281,,Yes,,,,,,,,,,,,,,,,,,,,144,,NA,"Intel AVX, Intel AVX2, Intel AVX512, Intel Turbo",Amazon Elastic Compute Cloud
MGFVS9REN5EG5F65,JRTCKXETXF,MGFVS9REN5EG5F65.JRTCKXETXF.6YS6EN2CT7,OnDemand,$0.49 per Dedicated RHEL c5.2xlarge Instance Hour,01/08/2018,0,Inf,Hrs,0.49,USD,,,,Compute Instance,AmazonEC2,US East (N. Virginia),AWS Region,c5.2xlarge,Yes,Compute optimized,8,Intel Xeon Platinum 8124M,3.0 Ghz,16 GiB,EBS only,Up to 10 Gigabit,64-bit,,,,,,,,Dedicated,,RHEL,No License required,,,,,,,,DedicatedUsage:c5.2xlarge,RunInstances:0010,Used,Upto 2250 Mbps,34,,Yes,,,,,,,,,,,,,,,,,,,,16,,NA,"Intel AVX, Intel AVX2, Intel AVX512, Intel Turbo",Amazon Elastic Compute Cloud
VEYRGRFZB8WFUBH3,JRTCKXETXF,VEYRGRFZB8WFUBH3.JRTCKXETXF.6YS6EN2CT7,OnDemand,$0.851 per Dedicated RHEL c5.4xlarge Instance Hour,01/08/2018,0,Inf,Hrs,0.851,USD,,,,Compute Instance,AmazonEC2,US East (N. Virginia),AWS Region,c5.4xlarge,Yes,Compute optimized,16,Intel Xeon Platinum 8124M,3.0 Ghz,32 GiB,EBS only,Up to 10 Gigabit,64-bit,,,,,,,,Dedicated,,RHEL,No License required,,,,,,,,DedicatedUsage:c5.4xlarge,RunInstances:0010,Used,Upto 2250 Mbps,68,,Yes,,,,,,,,,,,,,,,,,,,,32,,NA,"Intel AVX, Intel AVX2, Intel AVX512, Intel Turbo",Amazon Elastic Compute Cloud
HYZTQKMNAKH6FG9C,JRTCKXETXF,HYZTQKMNAKH6FG9C.JRTCKXETXF.6YS6EN2CT7,OnDemand,$1.752 per Dedicated RHEL c5.9xlarge Instance Hour,01/08/2018,0,Inf,Hrs,1.752,USD,,,,Compute Instance,AmazonEC2,US East (N. Virginia),AWS Region,c5.9xlarge,Yes,Compute optimized,36,Intel Xeon Platinum 8124M,3.0 Ghz,72 GiB,EBS only,10 Gigabit,64-bit,,,,,,,,Dedicated,,RHEL,No License required,,,,,,,,DedicatedUsage:c5.9xlarge,RunInstances:0010,Used,4500 Mbps,141,,Yes,,,,,,,,,,,,,,,,,,,,72,,NA,"Intel AVX, Intel AVX2, Intel AVX512, Intel Turbo",Amazon Elastic Compute Cloud
QUKA5FNRVVKN5422,JRTCKXETXF,QUKA5FNRVVKN5422.JRTCKXETXF.6YS6EN2CT7,OnDemand,$0.15 per Dedicated RHEL c5.large Instance Hour,01/08/2018,0,Inf,Hrs,0.15,USD,,,,Compute Instance,AmazonEC2,US East (N. Virginia),AWS Region,c5.large,Yes,Compute optimized,2,Intel Xeon Platinum 8124M,3.0 Ghz,4 GiB,EBS only,Up to 10 Gigabit,64-bit,,,,,,,,Dedicated,,RHEL,No License required,,,,,,,,DedicatedUsage:c5.large,RunInstances:0010,Used,Upto 2250 Mbps,9,,Yes,,,,,,,,,,,,,,,,,,,,4,,NA,"Intel AVX, Intel AVX2, Intel AVX512, Intel Turbo",Amazon Elastic Compute Cloud
WEJJ8BVQUW2CFG55,JRTCKXETXF,WEJJ8BVQUW2CFG55.JRTCKXETXF.6YS6EN2CT7,OnDemand,$0.24 per Dedicated RHEL c5.xlarge Instance Hour,01/08/2018,0,Inf,Hrs,0.24,USD,,,,Compute Instance,AmazonEC2,US East (N. Virginia),AWS Region,c5.xlarge,Yes,Compute optimized,4,Intel Xeon Platinum 8124M,3.0 Ghz,8 GiB,EBS only,Up to 10 Gigabit,64-bit,,,,,,,,Dedicated,,RHEL,No License required,,,,,,,,DedicatedUsage:c5.xlarge,RunInstances:0010,Used,Upto 2250 Mbps,17,,Yes,,,,,,,,,,,,,,,,,,,,8,,NA,"Intel AVX, Intel AVX2, Intel AVX512, Intel Turbo",Amazon Elastic Compute Cloud
GH5AKWMDRVHKHX9H,JRTCKXETXF,GH5AKWMDRVHKHX9H.JRTCKXETXF.6YS6EN2CT7,OnDemand,$3.586 per Dedicated RHEL c5d.18xlarge Instance Hour,01/08/2018,0,Inf,Hrs,3.586,USD,,,,Compute Instance,AmazonEC2,US East (N. Virginia),AWS Region,c5d.18xlarge,Yes,Compute optimized,72,Intel Xeon Platinum 8124M,3.0 Ghz,144 GiB,1 x 1800 NVMe SSD,25 Gigabit,64-bit,,,,,,,,Dedicated,,RHEL,No License required,,,,,,,,DedicatedUsage:c5d.18xlarge,RunInstances:0010,Used,9000 Mbps,281,,Yes,,,,,,,,,,,,,,,,,,,,144,,NA,"Intel AVX, Intel AVX2, Intel AVX512, Intel Turbo",Amazon Elastic Compute Cloud
MD7G399MF4MM3EDE,JRTCKXETXF,MD7G399MF4MM3EDE.JRTCKXETXF.6YS6EN2CT7,OnDemand,$0.537 per Dedicated RHEL c5d.2xlarge Instance Hour,01/08/2018,0,Inf,Hrs,0.537,USD,,,,Compute Instance,AmazonEC2,US East (N. Virginia),AWS Region,c5d.2xlarge,Yes,Compute optimized,8,Intel Xeon Platinum 8124M,3.0 Ghz,16 GiB,1 x 200 NVMe SSD,Up to 10 Gigabit,64-bit,,,,,,,,Dedicated,,RHEL,No License required,,,,,,,,DedicatedUsage:c5d.2xlarge,RunInstances:0010,Used,Upto 2250 Mbps,34,,Yes,,,,,,,,,,,,,,,,,,,,16,,NA,"Intel AVX, Intel AVX2, Intel AVX512, Intel Turbo",Amazon Elastic Compute Cloud
GKEU26NE3FHEQ4HT,JRTCKXETXF,GKEU26NE3FHEQ4HT.JRTCKXETXF.6YS6EN2CT7,OnDemand,$0.944 per Dedicated RHEL c5d.4xlarge Instance Hour,01/08/2018,0,Inf,Hrs,0.944,USD,,,,Compute Instance,AmazonEC2,US East (N. Virginia),AWS Region,c5d.4xlarge,Yes,Compute optimized,16,Intel Xeon Platinum 8124M,3.0 Ghz,32 GiB,1 x 400 NVMe SSD,Up to 10 Gigabit,64-bit,,,,,,,,Dedicated,,RHEL,No License required,,,,,,,,DedicatedUsage:c5d.4xlarge,RunInstances:0010,Used,Upto 2250 Mbps,68,,Yes,,,,,,,,,,,,,,,,,,,,32,,NA,"Intel AVX, Intel AVX2, Intel AVX512, Intel Turbo",Amazon Elastic Compute Cloud
Q3TD6WUCSMQTC4HG,JRTCKXETXF,Q3TD6WUCSMQTC4HG.JRTCKXETXF.6YS6EN2CT7,OnDemand,$1.962 per Dedicated RHEL c5d.9xlarge Instance Hour,01/08/2018,0,Inf,Hrs,1.962,USD,,,,Compute Instance,AmazonEC2,US East (N. Virginia),AWS Region,c5d.9xlarge,Yes,Compute optimized,36,Intel Xeon Platinum 8124M,3.0 Ghz,72 GiB,1 x 900 NVMe SSD,10 Gigabit,64-bit,,,,,,,,Dedicated,,RHEL,No License required,,,,,,,,DedicatedUsage:c5d.9xlarge,RunInstances:0010,Used,4500 Mbps,141,,Yes,,,,,,,,,,,,,,,,,,,,72,,NA,"Intel AVX, Intel AVX2, Intel AVX512, Intel Turbo",Amazon Elastic Compute Cloud
XSGBVU85MUDPAQXR,JRTCKXETXF,XSGBVU85MUDPAQXR.JRTCKXETXF.6YS6EN2CT7,OnDemand,$0.162 per Dedicated RHEL c5d.large Instance Hour,01/08/2018,0,Inf,Hrs,0.162,USD,,,,Compute Instance,AmazonEC2,US East (N. Virginia),AWS Region,c5d.large,Yes,Compute optimized,2,Intel Xeon Platinum 8124M,3.0 Ghz,4 GiB,1 x 50 NVMe SSD,Up to 10 Gigabit,64-bit,,,,,,,,Dedicated,,RHEL,No License required,,,,,,,,DedicatedUsage:c5d.large,RunInstances:0010,Used,Upto 2250 Mbps,9,,Yes,,,,,,,,,,,,,,,,,,,,4,,NA,"Intel AVX, Intel AVX2, Intel AVX512, Intel Turbo",Amazon Elastic Compute Cloud
AJKM5G5NEKXXWQUN,JRTCKXETXF,AJKM5G5NEKXXWQUN.JRTCKXETXF.6YS6EN2CT7,OnDemand,$0.264 per Dedicated RHEL c5d.xlarge Instance Hour,01/08/2018,0,Inf,Hrs,0.264,USD,,,,Compute Instance,AmazonEC2,US East (N. Virginia),AWS Region,c5d.xlarge,Yes,Compute optimized,4,Intel Xeon Platinum 8124M,3.0 Ghz,8 GiB,1 x 100 NVMe SSD,Up to 10 Gigabit,64-bit,,,,,,,,Dedicated,,RHEL,No License required,,,,,,,,DedicatedUsage:c5d.xlarge,RunInstances:0010,Used,Upto 2250 Mbps,17,,Yes,,,,,,,,,,,,,,,,,,,,8,,NA,"Intel AVX, Intel AVX2, Intel AVX512, Intel Turbo",Amazon Elastic Compute Cloud
6FWXGNKA63Z8BMCH,JRTCKXETXF,6FWXGNKA63Z8BMCH.JRTCKXETXF.6YS6EN2CT7,OnDemand,$2.130 per Dedicated RHEL cc2.8xlarge Instance Hour,01/08/2018,0,Inf,Hrs,2.13,USD,,,,Compute Instance,AmazonEC2,US East (N. Virginia),AWS Region,cc2.8xlarge,No,Compute optimized,32,Intel Xeon E5-2670,2.6 GHz,60.5 GiB,4 x 840,10 Gigabit,64-bit,,,,,,,,Dedicated,,RHEL,No License required,,,,,,,,DedicatedUsage:cc2.8xlarge,RunInstances:0010,Used,,88,,,,,,,,,,,,,,,,,,,,,,64,,NA,,Amazon Elastic Compute Cloud
N4AWRPYC2F4YT3WW,JRTCKXETXF,N4AWRPYC2F4YT3WW.JRTCKXETXF.6YS6EN2CT7,OnDemand,$3.630 per Dedicated RHEL cr1.8xlarge Instance Hour,01/08/2018,0,Inf,Hrs,3.63,USD,,,,Compute Instance,AmazonEC2,US East (N. Virginia),AWS Region,cr1.8xlarge,No,Memory optimized,32,Intel Xeon E5-2670,,244 GiB,2 x 120 SSD,10 Gigabit,64-bit,,,,,,,,Dedicated,,RHEL,No License required,,,,,,,,DedicatedUsage:cr1.8xlarge,RunInstances:0010,Used,,88,,,,,,,,,,,,,,,,,,,,,,64,,NA,,Amazon Elastic Compute Cloud
9CHFMGVK3AF7D8KU,JRTCKXETXF,9CHFMGVK3AF7D8KU.JRTCKXETXF.6YS6EN2CT7,OnDemand,$1.661 per Dedicated Usage RHEL d2.2xlarge Instance Hour,01/08/2018,0,Inf,Hrs,1.661,USD,,,,Compute Instance,AmazonEC2,US East (N. Virginia),AWS Region,d2.2xlarge,Yes,Storage optimized,8,Intel Xeon E5-2676v3 (Haswell),2.4 GHz,61 GiB,6 x 2000 HDD,High,64-bit,,,,,,,,Dedicated,,RHEL,No License required,,,,,,,,DedicatedUsage:d2.2xlarge,RunInstances:0010,Used,,28,,Yes,,,,,,,,,,,,,,,,,,,,16,,NA,Intel AVX; Intel AVX2; Intel Turbo,Amazon Elastic Compute Cloud
GT4TKK9K9AXX36E5,JRTCKXETXF,GT4TKK9K9AXX36E5.JRTCKXETXF.6YS6EN2CT7,OnDemand,$3.179 per Dedicated Usage RHEL d2.4xlarge Instance Hour,01/08/2018,0,Inf,Hrs,3.179,USD,,,,Compute Instance,AmazonEC2,US East (N. Virginia),AWS Region,d2.4xlarge,Yes,Storage optimized,16,Intel Xeon E5-2676v3 (Haswell),2.4 GHz,122 GiB,12 x 2000 HDD,High,64-bit,,,,,,,,Dedicated,,RHEL,No License required,,,,,,,,DedicatedUsage:d2.4xlarge,RunInstances:0010,Used,,56,,Yes,,,,,,,,,,,,,,,,,,,,32,,NA,Intel AVX; Intel AVX2; Intel Turbo,Amazon Elastic Compute Cloud
XHTGRKAAUAXJEMXS,JRTCKXETXF,XHTGRKAAUAXJEMXS.JRTCKXETXF.6YS6EN2CT7,OnDemand,$5.65 per Dedicated Usage RHEL d2.8xlarge Instance Hour,01/08/2018,0,Inf,Hrs,5.65,USD,,,,Compute Instance,AmazonEC2,US East (N. Virginia),AWS Region,d2.8xlarge,Yes,Storage optimized,36,Intel Xeon E5-2676v3 (Haswell),2.4 GHz,244 GiB,24 x 2000 HDD,10 Gigabit,64-bit,,,,,,,,Dedicated,,RHEL,No License required,,,,,,,,DedicatedUsage:d2.8xlarge,RunInstances:0010,Used,,116,,Yes,,,,,,,,,,,,,,,,,,,,64,,NA,Intel AVX; Intel AVX2; Intel Turbo,Amazon Elastic Compute Cloud
P2X2N5M2PU9A9XS4,JRTCKXETXF,P2X2N5M2PU9A9XS4.JRTCKXETXF.6YS6EN2CT7,OnDemand,$0.825 per Dedicated Usage RHEL d2.xlarge Instance Hour,01/08/2018,0,Inf,Hrs,0.825,USD,,,,Compute Instance,AmazonEC2,US East (N. Virginia),AWS Region,d2.xlarge,Yes,Storage optimized,4,Intel Xeon E5-2676v3 (Haswell),2.4 GHz,30.5 GiB,3 x 2000 HDD,Moderate,64-bit,,,,,,,,Dedicated,,RHEL,No License required,,,,,,,,DedicatedUsage:d2.xlarge,RunInstances:0010,Used,,14,,Yes,,,,,,,,,,,,,,,,,,,,8,,NA,Intel AVX; Intel AVX2; Intel Turbo,Amazon Elastic Compute Cloud
HS3PUQUMX2MJTFJA,JRTCKXETXF,HS3PUQUMX2MJTFJA.JRTCKXETXF.6YS6EN2CT7,OnDemand,$13.33 per Dedicated RHEL f1.16xlarge Instance Hour,01/08/2018,0,Inf,Hrs,13.33,USD,,,,Compute Instance,AmazonEC2,US East (N. Virginia),AWS Region,f1.16xlarge,Yes,FPGA Instances,64,Intel Xeon E5-2686 v4 (Broadwell),,976 GiB,EBS only,20 Gigabit,64-bit,,,,,,,,Dedicated,,RHEL,No License required,,,,,,,,DedicatedUsage:f1.16xlarge,RunInstances:0010,Used,,188,,,,,,,,,,,,,,,,,,,,,,128,,NA,,Amazon Elastic Compute Cloud
CXWQTSDJMF3AP864,JRTCKXETXF,CXWQTSDJMF3AP864.JRTCKXETXF.6YS6EN2CT7,OnDemand,$1.945 per Dedicated RHEL f1.2xlarge Instance Hour,01/08/2018,0,Inf,Hrs,1.945,USD,,,,Compute Instance,AmazonEC2,US East (N. Virginia),AWS Region,f1.2xlarge,Yes,FPGA Instances,8,Intel Xeon E5-2686 v4 (Broadwell),,122 GiB,EBS only,Up to 10 Gigabit,64-bit,,,,,,,,Dedicated,,RHEL,No License required,,,,,,,,DedicatedUsage:f1.2xlarge,RunInstances:0010,Used,,26,,,,,,,,,,,,,,,,,,,,,,16,,NA,,Amazon Elastic Compute Cloud
XCXYQ48G7HXYYHAC,JRTCKXETXF,XCXYQ48G7HXYYHAC.JRTCKXETXF.6YS6EN2CT7,OnDemand,$0.845 per Dedicated RHEL g2.2xlarge Instance Hour,01/08/2018,0,Inf,Hrs,0.845,USD,,,,Compute Instance,AmazonEC2,US East (N. Virginia),AWS Region,g2.2xlarge,No,GPU instance,8,Intel Xeon E5-2670 (Sandy Bridge),2.6 GHz,15 GiB,1 x 60 SSD,High,64-bit,,,,,,,,Dedicated,,RHEL,No License required,,,,,,,,DedicatedUsage:g2.2xlarge,RunInstances:0010,Used,,26,,,1,,,,,,,,,,,,,,,,,,,16,,NA,Intel AVX; Intel Turbo,Amazon Elastic Compute Cloud
4GRDB56V2W7EVFSU,JRTCKXETXF,4GRDB56V2W7EVFSU.JRTCKXETXF.6YS6EN2CT7,OnDemand,$4.69 per Dedicated RHEL g3.16xlarge Instance Hour,01/08/2018,0,Inf,Hrs,4.69,USD,,,,Compute Instance,AmazonEC2,US East (N. Virginia),AWS Region,g3.16xlarge,Yes,GPU instance,64,Intel Xeon E5-2686 v4 (Broadwell),2.3 GHz,488 GiB,EBS only,20 Gigabit,64-bit,,,,,,,,Dedicated,,RHEL,No License required,,,,,,,,DedicatedUsage:g3.16xlarge,RunInstances:0010,Used,14000 Mbps,188,,Yes,4,,,,,,,,,,,,,,,,Yes,Yes,Yes,128,,NA,"Intel AVX, Intel AVX2, Intel Turbo",Amazon Elastic Compute Cloud
XC5ZWJZS84Q3XZTZ,JRTCKXETXF,XC5ZWJZS84Q3XZTZ.JRTCKXETXF.6YS6EN2CT7,OnDemand,$1.384 per Dedicated RHEL g3.4xlarge Instance Hour,01/08/2018,0,Inf,Hrs,1.384,USD,,,,Compute Instance,AmazonEC2,US East (N. Virginia),AWS Region,g3.4xlarge,Yes,GPU instance,16,Intel Xeon E5-2686 v4 (Broadwell),2.3 GHz,122 GiB,EBS only,Up to 10 Gigabit,64-bit,,,,,,,,Dedicated,,RHEL,No License required,,,,,,,,DedicatedUsage:g3.4xlarge,RunInstances:0010,Used,3500 Mbps,47,,Yes,1,,,,,,,,,,,,,,,,Yes,Yes,Yes,32,,NA,"Intel AVX, Intel AVX2, Intel Turbo",Amazon Elastic Compute Cloud
XDG4DYSAQBVCPRJQ,JRTCKXETXF,XDG4DYSAQBVCPRJQ.JRTCKXETXF.6YS6EN2CT7,OnDemand,$2.638 per Dedicated RHEL g3.8xlarge Instance Hour,01/08/2018,0,Inf,Hrs,2.638,USD,,,,Compute Instance,AmazonEC2,US East (N. Virginia),AWS Region,g3.8xlarge,Yes,GPU instance,32,Intel Xeon E5-2686 v4 (Broadwell),2.3 GHz,244 GiB,EBS only,10 Gigabit,64-bit,,,,,,,,Dedicated,,RHEL,No License required,,,,,,,,DedicatedUsage:g3.8xlarge,RunInstances:0010,Used,7000 Mbps,94,,Yes,2,,,,,,,,,,,,,,,,Yes,Yes,Yes,64,,NA,"Intel AVX, Intel AVX2, Intel Turbo",Amazon Elastic Compute Cloud
AY6YGYYWDA5V66YF,JRTCKXETXF,AY6YGYYWDA5V66YF.JRTCKXETXF.6YS6EN2CT7,OnDemand,$3.874 per Dedicated RHEL h1.16xlarge Instance Hour,01/08/2018,0,Inf,Hrs,3.874,USD,,,,Compute Instance,AmazonEC2,US East (N. Virginia),AWS Region,h1.16xlarge,Yes,Storage optimized,64,Intel Xeon E5-2686 v4 (Broadwell),2.3 GHz,256 GiB,8 x 2000 HDD,25 Gigabit,64-bit,,,,,,,,Dedicated,,RHEL,No License required,,,,,,,,DedicatedUsage:h1.16xlarge,RunInstances:0010,Used,12000 Mbps,188,,Yes,,,,,,,,,,,,,,,,,,,,128,,NA,"Intel AVX, Intel AVX2, Intel Turbo",Amazon Elastic Compute Cloud
V8ZMSAKQQNM5VQ8R,JRTCKXETXF,V8ZMSAKQQNM5VQ8R.JRTCKXETXF.6YS6EN2CT7,OnDemand,$0.628 per Dedicated RHEL h1.2xlarge Instance Hour,01/08/2018,0,Inf,Hrs,0.628,USD,,,,Compute Instance,AmazonEC2,US East (N. Virginia),AWS Region,h1.2xlarge,Yes,Storage optimized,8,Intel Xeon E5-2686 v4 (Broadwell),2.3 GHz,32 GiB,1 x 2000 HDD,Up to 10 Gigabit,64-bit,,,,,,,,Dedicated,,RHEL,No License required,,,,,,,,DedicatedUsage:h1.2xlarge,RunInstances:0010,Used,1600 Mbps,26,,Yes,,,,,,,,,,,,,,,,,,,,16,,NA,"Intel AVX, Intel AVX2, Intel Turbo",Amazon Elastic Compute Cloud
GNZAG2H6QR3EFFEY,JRTCKXETXF,GNZAG2H6QR3EFFEY.JRTCKXETXF.6YS6EN2CT7,OnDemand,$1.127 per Dedicated RHEL h1.4xlarge Instance Hour,01/08/2018,0,Inf,Hrs,1.127,USD,,,,Compute Instance,AmazonEC2,US East (N. Virginia),AWS Region,h1.4xlarge,Yes,Storage optimized,16,Intel Xeon E5-2686 v4 (Broadwell),2.3 GHz,64 GiB,2 x 2000 HDD,Up to 10 Gigabit,64-bit,,,,,,,,Dedicated,,RHEL,No License required,,,,,,,,DedicatedUsage:h1.4xlarge,RunInstances:0010,Used,3000 Mbps,53.5,,Yes,,,,,,,,,,,,,,,,,,,,32,,NA,"Intel AVX, Intel AVX2, Intel Turbo",Amazon Elastic Compute Cloud
DBD4WUH9VW3KWX4F,JRTCKXETXF,DBD4WUH9VW3KWX4F.JRTCKXETXF.6YS6EN2CT7,OnDemand,$2.123 per Dedicated RHEL h1.8xlarge Instance Hour,01/08/2018,0,Inf,Hrs,2.123,USD,,,,Compute Instance,AmazonEC2,US East (N. Virginia),AWS Region,h1.8xlarge,Yes,Storage optimized,32,Intel Xeon E5-2686 v4 (Broadwell),2.3 GHz,128 GiB,4 x 2000 HDD,10 Gigabit,64-bit,,,,,,,,Dedicated,,RHEL,No License required,,,,,,,,DedicatedUsage:h1.8xlarge,RunInstances:0010,Used,6000 Mbps,99,,Yes,,,,,,,,,,,,,,,,,,,,64,,NA,"Intel AVX, Intel AVX2, Intel Turbo",Amazon Elastic Compute Cloud
QNQNFXEZD4JV6K7J,JRTCKXETXF,QNQNFXEZD4JV6K7J.JRTCKXETXF.6YS6EN2CT7,OnDemand,$4.730 per Dedicated RHEL hs1.8xlarge Instance Hour,01/08/2018,0,Inf,Hrs,4.73,USD,,,,Compute Instance,AmazonEC2,US East (N. Virginia),AWS Region,hs1.8xlarge,No,Storage optimized,17,Intel Xeon E5-2650,2 GHz,117 GiB,24 x 2000,10 Gigabit,64-bit,,,,,,,,Dedicated,,RHEL,No License required,,,,,,,,DedicatedUsage:hs1.8xlarge,RunInstances:0010,Used,,35,,,,,,,,,,,,,,,,,,,,,,64,,NA,,Amazon Elastic Compute Cloud
N58RGQJW3EFKG6Q2,JRTCKXETXF,N58RGQJW3EFKG6Q2.JRTCKXETXF.6YS6EN2CT7,OnDemand,$2.006 per Dedicated RHEL i2.2xlarge Instance Hour,01/08/2018,0,Inf,Hrs,2.006,USD,,,,Compute Instance,AmazonEC2,US East (N. Virginia),AWS Region,i2.2xlarge,No,Storage optimized,8,Intel Xeon E5-2670 v2 (Ivy Bridge),2.5 GHz,61 GiB,2 x 800 SSD,High,64-bit,,,,,,,,Dedicated,,RHEL,No License required,,,,,,,,DedicatedUsage:i2.2xlarge,RunInstances:0010,Used,,27,,Yes,,,,,,,,,,,,,,,,,,,,16,,NA,Intel AVX; Intel Turbo,Amazon Elastic Compute Cloud
EM4WENQDQTCE6CHN,JRTCKXETXF,EM4WENQDQTCE6CHN.JRTCKXETXF.6YS6EN2CT7,OnDemand,$3.881 per Dedicated RHEL i2.4xlarge Instance Hour,01/08/2018,0,Inf,Hrs,3.881,USD,,,,Compute Instance,AmazonEC2,US East (N. Virginia),AWS Region,i2.4xlarge,No,Storage optimized,16,Intel Xeon E5-2670 v2 (Ivy Bridge),2.5 GHz,122 GiB,4 x 800 SSD,High,64-bit,,,,,,,,Dedicated,,RHEL,No License required,,,,,,,,DedicatedUsage:i2.4xlarge,RunInstances:0010,Used,,53,,Yes,,,,,,,,,,,,,,,,,,,,32,,NA,Intel AVX; Intel Turbo,Amazon Elastic Compute Cloud
W2C299XDDHK5Q5HK,JRTCKXETXF,W2C299XDDHK5Q5HK.JRTCKXETXF.6YS6EN2CT7,OnDemand,$6.950 per Dedicated RHEL i2.8xlarge Instance Hour,01/08/2018,0,Inf,Hrs,6.95,USD,,,,Compute Instance,AmazonEC2,US East (N. Virginia),AWS Region,i2.8xlarge,No,Storage optimized,32,Intel Xeon E5-2670 v2 (Ivy Bridge),2.5 GHz,244 GiB,8 x 800 SSD,10 Gigabit,64-bit,,,,,,,,Dedicated,,RHEL,No License required,,,,,,,,DedicatedUsage:i2.8xlarge,RunInstances:0010,Used,,104,,Yes,,,,,,,,,,,,,,,,,,,,64,,NA,Intel AVX; Intel Turbo,Amazon Elastic Compute Cloud
TJYZERFDZ38JVQQW,JRTCKXETXF,TJYZERFDZ38JVQQW.JRTCKXETXF.6YS6EN2CT7,OnDemand,$0.998 per Dedicated RHEL i2.xlarge Instance Hour,01/08/2018,0,Inf,Hrs,0.998,USD,,,,Compute Instance,AmazonEC2,US East (N. Virginia),AWS Region,i2.xlarge,No,Storage optimized,4,Intel Xeon E5-2670 v2 (Ivy Bridge),2.5 GHz,30.5 GiB,1 x 800 SSD,Moderate,64-bit,,,,,,,,Dedicated,,RHEL,No License required,,,,,,,,DedicatedUsage:i2.xlarge,RunInstances:0010,Used,,14,,Yes,,,,,,,,,,,,,,,,,,,,8,,NA,Intel AVX; Intel Turbo,Amazon Elastic Compute Cloud
PSVDMQASMVK87NYB,JRTCKXETXF,PSVDMQASMVK87NYB.JRTCKXETXF.6YS6EN2CT7,OnDemand,$5.122 per Dedicated RHEL i3.16xlarge Instance Hour,01/08/2018,0,Inf,Hrs,5.122,USD,,,,Compute Instance,AmazonEC2,US East (N. Virginia),AWS Region,i3.16xlarge,Yes,Storage optimized,64,Intel Xeon E5-2686 v4 (Broadwell),2.3 GHz,488 GiB,8 x 1900 NVMe SSD,20 Gigabit,64-bit,,,,,,,,Dedicated,,RHEL,No License required,,,,,,,,DedicatedUsage:i3.16xlarge,RunInstances:0010,Used,14000 Mbps,200,,Yes,,,,,,,,,,,,,,,,,,,,128,,NA,"Intel AVX, Intel AVX2, Intel Turbo",Amazon Elastic Compute Cloud
T2A8DS9QR9R22WZ2,JRTCKXETXF,T2A8DS9QR9R22WZ2.JRTCKXETXF.6YS6EN2CT7,OnDemand,$0.816 per Dedicated RHEL i3.2xlarge Instance Hour,01/08/2018,0,Inf,Hrs,0.816,USD,,,,Compute Instance,AmazonEC2,US East (N. Virginia),AWS Region,i3.2xlarge,Yes,Storage optimized,8,Intel Xeon E5-2686 v4 (Broadwell),2.3 GHz,61 GiB,1 x 1900 NVMe SSD,Up to 10 Gigabit,64-bit,,,,,,,,Dedicated,,RHEL,No License required,,,,,,,,DedicatedUsage:i3.2xlarge,RunInstances:0010,Used,1750 Mbps,27,,Yes,,,,,,,,,,,,,,,,,,,,16,,NA,"Intel AVX, Intel AVX2, Intel Turbo",Amazon Elastic Compute Cloud
G2Y7JD8J9KR378JW,JRTCKXETXF,G2Y7JD8J9KR378JW.JRTCKXETXF.6YS6EN2CT7,OnDemand,$1.503 per Dedicated RHEL i3.4xlarge Instance Hour,01/08/2018,0,Inf,Hrs,1.503,USD,,,,Compute Instance,AmazonEC2,US East (N. Virginia),AWS Region,i3.4xlarge,Yes,Storage optimized,16,Intel Xeon E5-2686 v4 (Broadwell),2.3 GHz,122 GiB,2 x 1900 NVMe SSD,Up to 10 Gigabit,64-bit,,,,,,,,Dedicated,,RHEL,No License required,,,,,,,,DedicatedUsage:i3.4xlarge,RunInstances:0010,Used,3500 Mbps,53,,Yes,,,,,,,,,,,,,,,,,,,,32,,NA,"Intel AVX, Intel AVX2, Intel Turbo",Amazon Elastic Compute Cloud
R44YAG7V59VVJURM,JRTCKXETXF,R44YAG7V59VVJURM.JRTCKXETXF.6YS6EN2CT7,OnDemand,$2.876 per Dedicated RHEL i3.8xlarge Instance Hour,01/08/2018,0,Inf,Hrs,2.876,USD,,,,Compute Instance,AmazonEC2,US East (N. Virginia),AWS Region,i3.8xlarge,Yes,Storage optimized,32,Intel Xeon E5-2686 v4 (Broadwell),2.3 GHz,244 GiB,4 x 1900 NVMe SSD,10 Gigabit,64-bit,,,,,,,,Dedicated,,RHEL,No License required,,,,,,,,DedicatedUsage:i3.8xlarge,RunInstances:0010,Used,7000 Mbps,99,,Yes,,,,,,,,,,,,,,,,,,,,64,,NA,"Intel AVX, Intel AVX2, Intel Turbo",Amazon Elastic Compute Cloud
6WKTRGBBJD2C2RZE,JRTCKXETXF,6WKTRGBBJD2C2RZE.JRTCKXETXF.6YS6EN2CT7,OnDemand,$0.232 per Dedicated RHEL i3.large Instance Hour,01/08/2018,0,Inf,Hrs,0.232,USD,,,,Compute Instance,AmazonEC2,US East (N. Virginia),AWS Region,i3.large,Yes,Storage optimized,2,Intel Xeon E5-2686 v4 (Broadwell),2.3 GHz,15.25 GiB,1 x 475 NVMe SSD,Up to 10 Gigabit,64-bit,,,,,,,,Dedicated,,RHEL,No License required,,,,,,,,DedicatedUsage:i3.large,RunInstances:0010,Used,425 Mbps,7,,Yes,,,,,,,,,,,,,,,,,,,,4,,NA,"Intel AVX, Intel AVX2, Intel Turbo",Amazon Elastic Compute Cloud
Q9PPPERPAEZ49V6H,JRTCKXETXF,Q9PPPERPAEZ49V6H.JRTCKXETXF.6YS6EN2CT7,OnDemand,$5.122 per Dedicated RHEL i3.metal Instance Hour,01/08/2018,0,Inf,Hrs,5.122,USD,,,,Compute Instance (bare metal),AmazonEC2,US East (N. Virginia),AWS Region,i3.metal,Yes,Storage optimized,72,Intel Xeon E5-2686 v4 (Broadwell),,512 GiB,8 x 1900 NVMe SSD,25 Gigabit,64-bit,,,,,,,,Dedicated,,RHEL,No License required,,,,,,,,DedicatedUsage:i3.metal,RunInstances:0010,Used,,208,,,,,,,,,,,,,,,,,,,,,,128,,NA,,Amazon Elastic Compute Cloud
6Z2HWHRBW2ZH7Z33,JRTCKXETXF,6Z2HWHRBW2ZH7Z33.JRTCKXETXF.6YS6EN2CT7,OnDemand,$0.403 per Dedicated RHEL i3.xlarge Instance Hour,01/08/2018,0,Inf,Hrs,0.403,USD,,,,Compute Instance,AmazonEC2,US East (N. Virginia),AWS Region,i3.xlarge,Yes,Storage optimized,4,Intel Xeon E5-2686 v4 (Broadwell),2.3 GHz,30.5 GiB,1 x 950 NVMe SSD,Up to 10 Gigabit,64-bit,,,,,,,,Dedicated,,RHEL,No License required,,,,,,,,DedicatedUsage:i3.xlarge,RunInstances:0010,Used,850 Mbps,13,,Yes,,,,,,,,,,,,,,,,,,,,8,,NA,"Intel AVX, Intel AVX2, Intel Turbo",Amazon Elastic Compute Cloud
3A8W7GXJJKZB5V45,JRTCKXETXF,3A8W7GXJJKZB5V45.JRTCKXETXF.6YS6EN2CT7,OnDemand,$0.253 per Dedicated RHEL m1.large Instance Hour,01/08/2018,0,Inf,Hrs,0.253,USD,,,,Compute Instance,AmazonEC2,US East (N. Virginia),AWS Region,m1.large,No,General purpose,2,Intel Xeon Family,,7.5 GiB,2 x 420,Moderate,64-bit,,,,,,,,Dedicated,,RHEL,No License required,,,,,,,,DedicatedUsage:m1.large,RunInstances:0010,Used,,4,,,,,,,,,,,,,,,,,,,,,,4,,NA,,Amazon Elastic Compute Cloud
KV46EU5KJGKB53ZX,JRTCKXETXF,KV46EU5KJGKB53ZX.JRTCKXETXF.6YS6EN2CT7,OnDemand,$0.156 per Dedicated RHEL m1.medium Instance Hour,01/08/2018,0,Inf,Hrs,0.156,USD,,,,Compute Instance,AmazonEC2,US East (N. Virginia),AWS Region,m1.medium,No,General purpose,1,Intel Xeon Family,,3.75 GiB,1 x 410,Moderate,32-bit or 64-bit,,,,,,,,Dedicated,,RHEL,No License required,,,,,,,,DedicatedUsage:m1.medium,RunInstances:0010,Used,,2,,,,,,,,,,,,,,,,,,,,,,2,,NA,,Amazon Elastic Compute Cloud
JEUDBWRRVYWVAQ8W,JRTCKXETXF,JEUDBWRRVYWVAQ8W.JRTCKXETXF.6YS6EN2CT7,OnDemand,$0.108 per Dedicated RHEL m1.small Instance Hour,01/08/2018,0,Inf,Hrs,0.108,USD,,,,Compute Instance,AmazonEC2,US East (N. Virginia),AWS Region,m1.small,No,General purpose,1,Intel Xeon Family,,1.7 GiB,1 x 160,Low,32-bit or 64-bit,,,,,,,,Dedicated,,RHEL,No License required,,,,,,,,DedicatedUsage,RunInstances:0010,Used,,1,,,,,,,,,,,,,,,,,,,,,,1,,NA,,Amazon Elastic Compute Cloud
MSN4QHE8TBV8XBD2,JRTCKXETXF,MSN4QHE8TBV8XBD2.JRTCKXETXF.6YS6EN2CT7,OnDemand,$0.445 per Dedicated RHEL m1.xlarge Instance Hour,01/08/2018,0,Inf,Hrs,0.445,USD,,,,Compute Instance,AmazonEC2,US East (N. Virginia),AWS Region,m1.xlarge,No,General purpose,4,Intel Xeon Family,,15 GiB,4 x 420,High,64-bit,,,,,,,,Dedicated,,RHEL,No License required,,,,,,,,DedicatedUsage:m1.xlarge,RunInstances:0010,Used,,8,,,,,,,,,,,,,,,,,,,,,,8,,NA,,Amazon Elastic Compute Cloud
XX2TZABY6QFVXNY9,JRTCKXETXF,XX2TZABY6QFVXNY9.JRTCKXETXF.6YS6EN2CT7,OnDemand,$0.599 per Dedicated RHEL m2.2xlarge Instance Hour,01/08/2018,0,Inf,Hrs,0.599,USD,,,,Compute Instance,AmazonEC2,US East (N. Virginia),AWS Region,m2.2xlarge,No,Memory optimized,4,Intel Xeon Family,,34.2 GiB,1 x 850,Moderate,64-bit,,,,,,,,Dedicated,,RHEL,No License required,,,,,,,,DedicatedUsage:m2.2xlarge,RunInstances:0010,Used,,13,,,,,,,,,,,,,,,,,,,,,,16,,NA,,Amazon Elastic Compute Cloud
URGXD2SFFV6PJGW7,JRTCKXETXF,URGXD2SFFV6PJGW7.JRTCKXETXF.6YS6EN2CT7,OnDemand,$1.208 per Dedicated RHEL m2.4xlarge Instance Hour,01/08/2018,0,Inf,Hrs,1.208,USD,,,,Compute Instance,AmazonEC2,US East (N. Virginia),AWS Region,m2.4xlarge,No,Memory optimized,8,Intel Xeon Family,,68.4 GiB,2 x 840,High,64-bit,,,,,,,,Dedicated,,RHEL,No License required,,,,,,,,DedicatedUsage:m2.4xlarge,RunInstances:0010,Used,,26,,,,,,,,,,,,,,,,,,,,,,32,,NA,,Amazon Elastic Compute Cloud
V6MQGHYV9HMHTNFE,JRTCKXETXF,V6MQGHYV9HMHTNFE.JRTCKXETXF.6YS6EN2CT7,OnDemand,$0.330 per Dedicated RHEL m2.xlarge Instance Hour,01/08/2018,0,Inf,Hrs,0.33,USD,,,,Compute Instance,AmazonEC2,US East (N. Virginia),AWS Region,m2.xlarge,No,Memory optimized,2,Intel Xeon Family,,17.1 GiB,1 x 420,Moderate,64-bit,,,,,,,,Dedicated,,RHEL,No License required,,,,,,,,DedicatedUsage:m2.xlarge,RunInstances:0010,Used,,6.5,,,,,,,,,,,,,,,,,,,,,,8,,NA,,Amazon Elastic Compute Cloud
VZ59SXRTT8GCK9N3,JRTCKXETXF,VZ59SXRTT8GCK9N3.JRTCKXETXF.6YS6EN2CT7,OnDemand,$0.728 per Dedicated Usage RHEL m3.2xlarge Instance Hour,01/08/2018,0,Inf,Hrs,0.728,USD,,,,Compute Instance,AmazonEC2,US East (N. Virginia),AWS Region,m3.2xlarge,No,General purpose,8,Intel Xeon E5-2670 v2 (Ivy Bridge/Sandy Bridge),2.5 GHz,30 GiB,2 x 80 SSD,High,64-bit,,,,,,,,Dedicated,,RHEL,No License required,,,,,,,,DedicatedUsage:m3.2xlarge,RunInstances:0010,Used,,26,,,,,,,,,,,,,,,,,,,,,,16,,NA,Intel AVX; Intel Turbo,Amazon Elastic Compute Cloud
YT5JTCAUXT587YW7,JRTCKXETXF,YT5JTCAUXT587YW7.JRTCKXETXF.6YS6EN2CT7,OnDemand,$0.212 per Dedicated Usage RHEL m3.large Instance Hour,01/08/2018,0,Inf,Hrs,0.212,USD,,,,Compute Instance,AmazonEC2,US East (N. Virginia),AWS Region,m3.large,No,General purpose,2,Intel Xeon E5-2670 v2 (Ivy Bridge/Sandy Bridge),2.5 GHz,7.5 GiB,1 x 32 SSD,Moderate,64-bit,,,,,,,,Dedicated,,RHEL,No License required,,,,,,,,DedicatedUsage:m3.large,RunInstances:0010,Used,,6.5,,,,,,,,,,,,,,,,,,,,,,4,,NA,Intel AVX; Intel Turbo,Amazon Elastic Compute Cloud
KGZ5JY4FKTR75YN3,JRTCKXETXF,KGZ5JY4FKTR75YN3.JRTCKXETXF.6YS6EN2CT7,OnDemand,$0.14 per Dedicated Usage RHEL m3.medium Instance Hour,01/08/2018,0,Inf,Hrs,0.14,USD,,,,Compute Instance,AmazonEC2,US East (N. Virginia),AWS Region,m3.medium,No,General purpose,1,Intel Xeon E5-2670 v2 (Ivy Bridge/Sandy Bridge),2.5 GHz,3.75 GiB,1 x 4 SSD,Moderate,64-bit,,,,,,,,Dedicated,,RHEL,No License required,,,,,,,,DedicatedUsage:m3.medium,RunInstances:0010,Used,,3,,,,,,,,,,,,,,,,,,,,,,2,,NA,Intel AVX; Intel Turbo,Amazon Elastic Compute Cloud
TDQNZBUHCYXTFDUS,JRTCKXETXF,TDQNZBUHCYXTFDUS.JRTCKXETXF.6YS6EN2CT7,OnDemand,$0.359 per Dedicated Usage RHEL m3.xlarge Instance Hour,01/08/2018,0,Inf,Hrs,0.359,USD,,,,Compute Instance,AmazonEC2,US East (N. Virginia),AWS Region,m3.xlarge,No,General purpose,4,Intel Xeon E5-2670 v2 (Ivy Bridge/Sandy Bridge),2.5 GHz,15 GiB,2 x 40 SSD,High,64-bit,,,,,,,,Dedicated,,RHEL,No License required,,,,,,,,DedicatedUsage:m3.xlarge,RunInstances:0010,Used,,13,,,,,,,,,,,,,,,,,,,,,,8,,NA,Intel AVX; Intel Turbo,Amazon Elastic Compute Cloud
EK8RQK3XNDHYVHY2,JRTCKXETXF,EK8RQK3XNDHYVHY2.JRTCKXETXF.6YS6EN2CT7,OnDemand,$2.13 per Dedicated RHEL m4.10xlarge Instance Hour,01/08/2018,0,Inf,Hrs,2.13,USD,,,,Compute Instance,AmazonEC2,US East (N. Virginia),AWS Region,m4.10xlarge,Yes,General purpose,40,Intel Xeon E5-2676 v3 (Haswell),2.4 GHz,160 GiB,EBS only,10 Gigabit,64-bit,,,,,,,,Dedicated,,RHEL,No License required,,,,,,,,DedicatedUsage:m4.10xlarge,RunInstances:0010,Used,4000 Mbps,124.5,,Yes,,,,,,,,,,,,,,,,,,,,80,,NA,Intel AVX; Intel AVX2; Intel Turbo,Amazon Elastic Compute Cloud
H4ERZSZPBES3WKPY,JRTCKXETXF,H4ERZSZPBES3WKPY.JRTCKXETXF.6YS6EN2CT7,OnDemand,$3.33 per Dedicated RHEL m4.16xlarge Instance Hour,01/08/2018,0,Inf,Hrs,3.33,USD,,,,Compute Instance,AmazonEC2,US East (N. Virginia),AWS Region,m4.16xlarge,Yes,General purpose,64,Intel Xeon E5-2686 v4 (Broadwell),2.3 GHz,256 GiB,EBS only,20 Gigabit,64-bit,,,,,,,,Dedicated,,RHEL,No License required,,,,,,,,DedicatedUsage:m4.16xlarge,RunInstances:0010,Used,10000 Mbps,188,,Yes,,,,,,,,,,,,,,,,,,,,128,,NA,"Intel AVX, Intel AVX2, Intel Turbo",Amazon Elastic Compute Cloud
CZNF2F6CSUG2M7XY,JRTCKXETXF,CZNF2F6CSUG2M7XY.JRTCKXETXF.6YS6EN2CT7,OnDemand,$0.57 per Dedicated RHEL m4.2xlarge Instance Hour,01/08/2018,0,Inf,Hrs,0.57,USD,,,,Compute Instance,AmazonEC2,US East (N. Virginia),AWS Region,m4.2xlarge,Yes,General purpose,8,Intel Xeon E5-2676 v3 (Haswell),2.4 GHz,32 GiB,EBS only,High,64-bit,,,,,,,,Dedicated,,RHEL,No License required,,,,,,,,DedicatedUsage:m4.2xlarge,RunInstances:0010,Used,1000 Mbps,26,,Yes,,,,,,,,,,,,,,,,,,,,16,,NA,Intel AVX; Intel AVX2; Intel Turbo,Amazon Elastic Compute Cloud
FTHQYJFCP3DPSYCY,JRTCKXETXF,FTHQYJFCP3DPSYCY.JRTCKXETXF.6YS6EN2CT7,OnDemand,$1.01 per Dedicated RHEL m4.4xlarge Instance Hour,01/08/2018,0,Inf,Hrs,1.01,USD,,,,Compute Instance,AmazonEC2,US East (N. Virginia),AWS Region,m4.4xlarge,Yes,General purpose,16,Intel Xeon E5-2676 v3 (Haswell),2.4 GHz,64 GiB,EBS only,High,64-bit,,,,,,,,Dedicated,,RHEL,No License required,,,,,,,,DedicatedUsage:m4.4xlarge,RunInstances:0010,Used,2000 Mbps,53.5,,Yes,,,,,,,,,,,,,,,,,,,,32,,NA,Intel AVX; Intel AVX2; Intel Turbo,Amazon Elastic Compute Cloud
57XGZG7W7W67682J,JRTCKXETXF,57XGZG7W7W67682J.JRTCKXETXF.6YS6EN2CT7,OnDemand,$0.17 per Dedicated RHEL m4.large Instance Hour,01/08/2018,0,Inf,Hrs,0.17,USD,,,,Compute Instance,AmazonEC2,US East (N. Virginia),AWS Region,m4.large,Yes,General purpose,2,Intel Xeon E5-2676 v3 (Haswell),2.4 GHz,8 GiB,EBS only,Moderate,64-bit,,,,,,,,Dedicated,,RHEL,No License required,,,,,,,,DedicatedUsage:m4.large,RunInstances:0010,Used,450 Mbps,6.5,,Yes,,,,,,,,,,,,,,,,,,,,4,,NA,Intel AVX; Intel AVX2; Intel Turbo,Amazon Elastic Compute Cloud
Z78M4CHWU3KRBC2H,JRTCKXETXF,Z78M4CHWU3KRBC2H.JRTCKXETXF.6YS6EN2CT7,OnDemand,$0.28 per Dedicated RHEL m4.xlarge Instance Hour,01/08/2018,0,Inf,Hrs,0.28,USD,,,,Compute Instance,AmazonEC2,US East (N. Virginia),AWS Region,m4.xlarge,Yes,General purpose,4,Intel Xeon E5-2676 v3 (Haswell),2.4  GHz,16 GiB,EBS only,High,64-bit,,,,,,,,Dedicated,,RHEL,No License required,,,,,,,,DedicatedUsage:m4.xlarge,RunInstances:0010,Used,750 Mbps,13,,Yes,,,,,,,,,,,,,,,,,,,,8,,NA,Intel AVX; Intel AVX2; Intel Turbo,Amazon Elastic Compute Cloud
D3476ES3MWPQHTTS,JRTCKXETXF,D3476ES3MWPQHTTS.JRTCKXETXF.6YS6EN2CT7,OnDemand,$2.574 per Dedicated RHEL m5.12xlarge Instance Hour,01/08/2018,0,Inf,Hrs,2.574,USD,,,,Compute Instance,AmazonEC2,US East (N. Virginia),AWS Region,m5.12xlarge,Yes,General purpose,48,Intel Xeon Platinum 8175,2.5 GHz,192 GiB,EBS only,10 Gigabit,64-bit,,,,,,,,Dedicated,,RHEL,No License required,,,,,,,,DedicatedUsage:m5.12xlarge,RunInstances:0010,Used,6000 Mbps,173,,Yes,,,,,,,,,,,,,,,,,,,,96,,NA,"Intel AVX, Intel AVX2, Intel AVX512, Intel Turbo",Amazon Elastic Compute Cloud
U967WVKTVJVEMGKT,JRTCKXETXF,U967WVKTVJVEMGKT.JRTCKXETXF.6YS6EN2CT7,OnDemand,$4.738 per Dedicated RHEL m5.24xlarge Instance Hour,01/08/2018,0,Inf,Hrs,4.738,USD,,,,Compute Instance,AmazonEC2,US East (N. Virginia),AWS Region,m5.24xlarge,Yes,General purpose,96,Intel Xeon Platinum 8175,2.5 GHz,384 GiB,EBS only,25 Gigabit,64-bit,,,,,,,,Dedicated,,RHEL,No License required,,,,,,,,DedicatedUsage:m5.24xlarge,RunInstances:0010,Used,12000 Mbps,345,,Yes,,,,,,,,,,,,,,,,,,,,192,,NA,"Intel AVX, Intel AVX2, Intel AVX512, Intel Turbo",Amazon Elastic Compute Cloud
KX2YQ4TSTYE6AFNZ,JRTCKXETXF,KX2YQ4TSTYE6AFNZ.JRTCKXETXF.6YS6EN2CT7,OnDemand,$0.537 per Dedicated RHEL m5.2xlarge Instance Hour,01/08/2018,0,Inf,Hrs,0.537,USD,,,,Compute Instance,AmazonEC2,US East (N. Virginia),AWS Region,m5.2xlarge,Yes,General purpose,8,Intel Xeon Platinum 8175,2.5 GHz,32 GiB,EBS only,Up to 10 Gigabit,64-bit,,,,,,,,Dedicated,,RHEL,No License required,,,,,,,,DedicatedUsage:m5.2xlarge,RunInstances:0010,Used,Upto 2120 Mbps,31,,Yes,,,,,,,,,,,,,,,,,,,,16,,NA,"Intel AVX, Intel AVX2, Intel AVX512, Intel Turbo",Amazon Elastic Compute Cloud
K2UGDTQR47N5KX6K,JRTCKXETXF,K2UGDTQR47N5KX6K.JRTCKXETXF.6YS6EN2CT7,OnDemand,$0.945 per Dedicated RHEL m5.4xlarge Instance Hour,01/08/2018,0,Inf,Hrs,0.945,USD,,,,Compute Instance,AmazonEC2,US East (N. Virginia),AWS Region,m5.4xlarge,Yes,General purpose,16,Intel Xeon Platinum 8175,2.5 GHz,64 GiB,EBS only,Up to 10 Gigabit,64-bit,,,,,,,,Dedicated,,RHEL,No License required,,,,,,,,DedicatedUsage:m5.4xlarge,RunInstances:0010,Used,2120 Mbps,60,,Yes,,,,,,,,,,,,,,,,,,,,32,,NA,"Intel AVX, Intel AVX2, Intel AVX512, Intel Turbo",Amazon Elastic Compute Cloud
25K64GYNF9K7A94S,JRTCKXETXF,25K64GYNF9K7A94S.JRTCKXETXF.6YS6EN2CT7,OnDemand,$0.162 per Dedicated RHEL m5.large Instance Hour,01/08/2018,0,Inf,Hrs,0.162,USD,,,,Compute Instance,AmazonEC2,US East (N. Virginia),AWS Region,m5.large,Yes,General purpose,2,Intel Xeon Platinum 8175,2.5 GHz,8 GiB,EBS only,Up to 10 Gigabit,64-bit,,,,,,,,Dedicated,,RHEL,No License required,,,,,,,,DedicatedUsage:m5.large,RunInstances:0010,Used,Upto 2120 Mbps,8,,Yes,,,,,,,,,,,,,,,,,,,,4,,NA,"Intel AVX, Intel AVX2, Intel AVX512, Intel Turbo",Amazon Elastic Compute Cloud
K67TK5K2FKGSS89P,JRTCKXETXF,K67TK5K2FKGSS89P.JRTCKXETXF.6YS6EN2CT7,OnDemand,$0.264 per Dedicated RHEL m5.xlarge Instance Hour,01/08/2018,0,Inf,Hrs,0.264,USD,,,,Compute Instance,AmazonEC2,US East (N. Virginia),AWS Region,m5.xlarge,Yes,General purpose,4,Intel Xeon Platinum 8175,2.5 GHz,16 GiB,EBS only,Up to 10 Gigabit,64-bit,,,,,,,,Dedicated,,RHEL,No License required,,,,,,,,DedicatedUsage:m5.xlarge,RunInstances:0010,Used,Upto 2120 Mbps,16,,Yes,,,,,,,,,,,,,,,,,,,,8,,NA,"Intel AVX, Intel AVX2, Intel AVX512, Intel Turbo",Amazon Elastic Compute Cloud
8S32AJQCF2DRA4FQ,JRTCKXETXF,8S32AJQCF2DRA4FQ.JRTCKXETXF.6YS6EN2CT7,OnDemand,$3.006 per Dedicated RHEL m5d.12xlarge Instance Hour,01/08/2018,0,Inf,Hrs,3.006,USD,,,,Compute Instance,AmazonEC2,US East (N. Virginia),AWS Region,m5d.12xlarge,Yes,General purpose,48,Intel Xeon Platinum 8175,2.5 GHz,192 GiB,2 x 900 NVMe SSD,10 Gigabit,64-bit,,,,,,,,Dedicated,,RHEL,No License required,,,,,,,,DedicatedUsage:m5d.12xlarge,RunInstances:0010,Used,6000 Mbps,173,,Yes,,,,,,,,,,,,,,,,,,,,96,,NA,"Intel AVX, Intel AVX2, Intel AVX512, Intel Turbo",Amazon Elastic Compute Cloud
EQCXNJBCN22XFD7S,JRTCKXETXF,EQCXNJBCN22XFD7S.JRTCKXETXF.6YS6EN2CT7,OnDemand,$5.554 per Dedicated RHEL m5d.24xlarge Instance Hour,01/08/2018,0,Inf,Hrs,5.554,USD,,,,Compute Instance,AmazonEC2,US East (N. Virginia),AWS Region,m5d.24xlarge,Yes,General purpose,96,Intel Xeon Platinum 8175,2.5 GHz,384 GiB,4 x 900 NVMe SSD,25 Gigabit,64-bit,,,,,,,,Dedicated,,RHEL,No License required,,,,,,,,DedicatedUsage:m5d.24xlarge,RunInstances:0010,Used,12000 Mbps,345,,Yes,,,,,,,,,,,,,,,,,,,,192,,NA,"Intel AVX, Intel AVX2, Intel AVX512, Intel Turbo",Amazon Elastic Compute Cloud
58DHUFUWDJZXU4Z8,JRTCKXETXF,58DHUFUWDJZXU4Z8.JRTCKXETXF.6YS6EN2CT7,OnDemand,$0.609 per Dedicated RHEL m5d.2xlarge Instance Hour,01/08/2018,0,Inf,Hrs,0.609,USD,,,,Compute Instance,AmazonEC2,US East (N. Virginia),AWS Region,m5d.2xlarge,Yes,General purpose,8,Intel Xeon Platinum 8175,2.5 GHz,32 GiB,1 x 300 NVMe SSD,Up to 10 Gigabit,64-bit,,,,,,,,Dedicated,,RHEL,No License required,,,,,,,,DedicatedUsage:m5d.2xlarge,RunInstances:0010,Used,Upto 2120 Mbps,31,,Yes,,,,,,,,,,,,,,,,,,,,16,,NA,"Intel AVX, Intel AVX2, Intel AVX512, Intel Turbo",Amazon Elastic Compute Cloud
SXMJDYREYPPVT8ZJ,JRTCKXETXF,SXMJDYREYPPVT8ZJ.JRTCKXETXF.6YS6EN2CT7,OnDemand,$1.089 per Dedicated RHEL m5d.4xlarge Instance Hour,01/08/2018,0,Inf,Hrs,1.089,USD,,,,Compute Instance,AmazonEC2,US East (N. Virginia),AWS Region,m5d.4xlarge,Yes,General purpose,16,Intel Xeon Platinum 8175,2.5 GHz,64 GiB,2 x 300 NVMe SSD,Up to 10 Gigabit,64-bit,,,,,,,,Dedicated,,RHEL,No License required,,,,,,,,DedicatedUsage:m5d.4xlarge,RunInstances:0010,Used,2120 Mbps,60,,Yes,,,,,,,,,,,,,,,,,,,,32,,NA,"Intel AVX, Intel AVX2, Intel AVX512, Intel Turbo",Amazon Elastic Compute Cloud
ZY5VMTPMMMZ5YH78,JRTCKXETXF,ZY5VMTPMMMZ5YH78.JRTCKXETXF.6YS6EN2CT7,OnDemand,$0.18 per Dedicated RHEL m5d.large Instance Hour,01/08/2018,0,Inf,Hrs,0.18,USD,,,,Compute Instance,AmazonEC2,US East (N. Virginia),AWS Region,m5d.large,Yes,General purpose,2,Intel Xeon Platinum 8175,2.5 GHz,8 GiB,1 x 75 NVMe SSD,Up to 10 Gigabit,64-bit,,,,,,,,Dedicated,,RHEL,No License required,,,,,,,,DedicatedUsage:m5d.large,RunInstances:0010,Used,Upto 2120 Mbps,8,,Yes,,,,,,,,,,,,,,,,,,,,4,,NA,"Intel AVX, Intel AVX2, Intel AVX512, Intel Turbo",Amazon Elastic Compute Cloud
T2XDBB3B9BGZ5SBV,JRTCKXETXF,T2XDBB3B9BGZ5SBV.JRTCKXETXF.6YS6EN2CT7,OnDemand,$0.30 per Dedicated RHEL m5d.xlarge Instance Hour,01/08/2018,0,Inf,Hrs,0.3,USD,,,,Compute Instance,AmazonEC2,US East (N. Virginia),AWS Region,m5d.xlarge,Yes,General purpose,4,Intel Xeon Platinum 8175,2.5 GHz,16 GiB,1 x 150 NVMe SSD,Up to 10 Gigabit,64-bit,,,,,,,,Dedicated,,RHEL,No License required,,,,,,,,DedicatedUsage:m5d.xlarge,RunInstances:0010,Used,Upto 2120 Mbps,16,,Yes,,,,,,,,,,,,,,,,,,,,8,,NA,"Intel AVX, Intel AVX2, Intel AVX512, Intel Turbo",Amazon Elastic Compute Cloud
298AWKD7RC822MQJ,JRTCKXETXF,298AWKD7RC822MQJ.JRTCKXETXF.6YS6EN2CT7,OnDemand,$14.53 per Dedicated Usage RHEL p2.16xlarge Instance Hour,01/08/2018,0,Inf,Hrs,14.53,USD,,,,Compute Instance,AmazonEC2,US East (N. Virginia),AWS Region,p2.16xlarge,Yes,GPU instance,64,Intel Xeon E5-2686 v4 (Broadwell),2.3 GHz,768 GiB,EBS only,20 Gigabit,64-bit,,,,,,,,Dedicated,,RHEL,No License required,,,,,,,,DedicatedUsage:p2.16xlarge,RunInstances:0010,Used,,188,,Yes,16,,,,,,,,,,,,,,,,,,,128,,NA,"Intel AVX, Intel AVX2, Intel Turbo",Amazon Elastic Compute Cloud
N48UCGS5YF8G8CCW,JRTCKXETXF,N48UCGS5YF8G8CCW.JRTCKXETXF.6YS6EN2CT7,OnDemand,$8.05 per Dedicated Usage RHEL p2.8xlarge Instance Hour,01/08/2018,0,Inf,Hrs,8.05,USD,,,,Compute Instance,AmazonEC2,US East (N. Virginia),AWS Region,p2.8xlarge,Yes,GPU instance,32,Intel Xeon E5-2686 v4 (Broadwell),2.3 GHz,488 GiB,EBS only,10 Gigabit,64-bit,,,,,,,,Dedicated,,RHEL,No License required,,,,,,,,DedicatedUsage:p2.8xlarge,RunInstances:0010,Used,,94,,Yes,8,,,,,,,,,,,,,,,,,,,64,,NA,"Intel AVX, Intel AVX2, Intel Turbo",Amazon Elastic Compute Cloud
HK2GMCFHXFH3NGAD,JRTCKXETXF,HK2GMCFHXFH3NGAD.JRTCKXETXF.6YS6EN2CT7,OnDemand,$1.05 per Dedicated Usage RHEL p2.xlarge Instance Hour,01/08/2018,0,Inf,Hrs,1.05,USD,,,,Compute Instance,AmazonEC2,US East (N. Virginia),AWS Region,p2.xlarge,Yes,GPU instance,4,Intel Xeon E5-2686 v4 (Broadwell),2.3 GHz,61 GiB,EBS only,High,64-bit,,,,,,,,Dedicated,,RHEL,No License required,,,,,,,,DedicatedUsage:p2.xlarge,RunInstances:0010,Used,,12,,Yes,1,,,,,,,,,,,,,,,,,,,8,,NA,"Intel AVX, Intel AVX2, Intel Turbo",Amazon Elastic Compute Cloud
VNT94W34YSHKDST8,JRTCKXETXF,VNT94W34YSHKDST8.JRTCKXETXF.6YS6EN2CT7,OnDemand,$24.61 per Dedicated RHEL p3.16xlarge Instance Hour,01/08/2018,0,Inf,Hrs,24.61,USD,,,,Compute Instance,AmazonEC2,US East (N. Virginia),AWS Region,p3.16xlarge,Yes,GPU instance,64,Intel Xeon E5-2686 v4 (Broadwell),2.3 GHz,488 GiB,EBS only,25 Gigabit,64-bit,,,,,,,,Dedicated,,RHEL,No License required,,,,,,,,DedicatedUsage:p3.16xlarge,RunInstances:0010,Used,14000 Mbps,188,,Yes,8,,,,,,,,,,,,,,,,,,,128,,NA,"Intel AVX, Intel AVX2, Intel Turbo",Amazon Elastic Compute Cloud
NUMNVV4X9PJW42JH,JRTCKXETXF,NUMNVV4X9PJW42JH.JRTCKXETXF.6YS6EN2CT7,OnDemand,$3.389 per Dedicated RHEL p3.2xlarge Instance Hour,01/08/2018,0,Inf,Hrs,3.389,USD,,,,Compute Instance,AmazonEC2,US East (N. Virginia),AWS Region,p3.2xlarge,Yes,GPU instance,8,Intel Xeon E5-2686 v4 (Broadwell),2.3 GHz,61 GiB,EBS only,Up to 10 Gigabit,64-bit,,,,,,,,Dedicated,,RHEL,No License required,,,,,,,,DedicatedUsage:p3.2xlarge,RunInstances:0010,Used,1750 Mbps,26,,Yes,1,,,,,,,,,,,,,,,,,,,16,,NA,"Intel AVX, Intel AVX2, Intel Turbo",Amazon Elastic Compute Cloud
X6PQNCEPYKKQHDCA,JRTCKXETXF,X6PQNCEPYKKQHDCA.JRTCKXETXF.6YS6EN2CT7,OnDemand,$13.166 per Dedicated RHEL p3.8xlarge Instance Hour,01/08/2018,0,Inf,Hrs,13.166,USD,,,,Compute Instance,AmazonEC2,US East (N. Virginia),AWS Region,p3.8xlarge,Yes,GPU instance,32,Intel Xeon E5-2686 v4 (Broadwell),2.3 GHz,244 GiB,EBS only,10 Gigabit,64-bit,,,,,,,,Dedicated,,RHEL,No License required,,,,,,,,DedicatedUsage:p3.8xlarge,RunInstances:0010,Used,7000 Mbps,94,,Yes,4,,,,,,,,,,,,,,,,,,,64,,NA,"Intel AVX, Intel AVX2, Intel Turbo",Amazon Elastic Compute Cloud
QPCQXM3E9RSBMMU9,JRTCKXETXF,QPCQXM3E9RSBMMU9.JRTCKXETXF.6YS6EN2CT7,OnDemand,$0.862 per Dedicated Usage RHEL r3.2xlarge Instance Hour,01/08/2018,0,Inf,Hrs,0.862,USD,,,,Compute Instance,AmazonEC2,US East (N. Virginia),AWS Region,r3.2xlarge,No,Memory optimized,8,Intel Xeon E5-2670 v2 (Ivy Bridge),2.5 GHz,61 GiB,1 x 160 SSD,High,64-bit,,,,,,,,Dedicated,,RHEL,No License required,,,,,,,,DedicatedUsage:r3.2xlarge,RunInstances:0010,Used,,26,,Yes,,,,,,,,,,,,,,,,,,,,16,,NA,Intel AVX; Intel Turbo,Amazon Elastic Compute Cloud
Y9WDY7HG6S2NXFSP,JRTCKXETXF,Y9WDY7HG6S2NXFSP.JRTCKXETXF.6YS6EN2CT7,OnDemand,$1.593 per Dedicated Usage RHEL r3.4xlarge Instance Hour,01/08/2018,0,Inf,Hrs,1.593,USD,,,,Compute Instance,AmazonEC2,US East (N. Virginia),AWS Region,r3.4xlarge,No,Memory optimized,16,Intel Xeon E5-2670 v2 (Ivy Bridge),2.5 GHz,122 GiB,1 x 320 SSD,High,64-bit,,,,,,,,Dedicated,,RHEL,No License required,,,,,,,,DedicatedUsage:r3.4xlarge,RunInstances:0010,Used,,52,,Yes,,,,,,,,,,,,,,,,,,,,32,,NA,Intel AVX; Intel Turbo,Amazon Elastic Compute Cloud
7P443J9REGZVNYQY,JRTCKXETXF,7P443J9REGZVNYQY.JRTCKXETXF.6YS6EN2CT7,OnDemand,$2.79 per Dedicated Usage RHEL r3.8xlarge Instance Hour,01/08/2018,0,Inf,Hrs,2.79,USD,,,,Compute Instance,AmazonEC2,US East (N. Virginia),AWS Region,r3.8xlarge,No,Memory optimized,32,Intel Xeon E5-2670 v2 (Ivy Bridge),2.5 GHz,244 GiB,2 x 320 SSD,10 Gigabit,64-bit,,,,,,,,Dedicated,,RHEL,No License required,,,,,,,,DedicatedUsage:r3.8xlarge,RunInstances:0010,Used,,104,,Yes,,,,,,,,,,,,,,,,,,,,64,,NA,Intel AVX; Intel Turbo,Amazon Elastic Compute Cloud
RRRPJJTQ9JB8YF5W,JRTCKXETXF,RRRPJJTQ9JB8YF5W.JRTCKXETXF.6YS6EN2CT7,OnDemand,$0.243 per Dedicated Usage RHEL r3.large Instance Hour,01/08/2018,0,Inf,Hrs,0.243,USD,,,,Compute Instance,AmazonEC2,US East (N. Virginia),AWS Region,r3.large,No,Memory optimized,2,Intel Xeon E5-2670 v2 (Ivy Bridge),2.5 GHz,15.25 GiB,1 x 32 SSD,Moderate,64-bit,,,,,,,,Dedicated,,RHEL,No License required,,,,,,,,DedicatedUsage:r3.large,RunInstances:0010,Used,,6.5,,Yes,,,,,,,,,,,,,,,,,,,,4,,NA,Intel AVX; Intel Turbo,Amazon Elastic Compute Cloud
DRMGTKKSRFBNB2TD,JRTCKXETXF,DRMGTKKSRFBNB2TD.JRTCKXETXF.6YS6EN2CT7,OnDemand,$0.426 per Dedicated Usage RHEL r3.xlarge Instance Hour,01/08/2018,0,Inf,Hrs,0.426,USD,,,,Compute Instance,AmazonEC2,US East (N. Virginia),AWS Region,r3.xlarge,No,Memory optimized,4,Intel Xeon E5-2670 v2 (Ivy Bridge),2.5 GHz,30.5 GiB,1 x 80 SSD,Moderate,64-bit,,,,,,,,Dedicated,,RHEL,No License required,,,,,,,,DedicatedUsage:r3.xlarge,RunInstances:0010,Used,,13,,Yes,,,,,,,,,,,,,,,,,,,,8,,NA,Intel AVX; Intel Turbo,Amazon Elastic Compute Cloud
P2HREWU59F8JRCVB,JRTCKXETXF,P2HREWU59F8JRCVB.JRTCKXETXF.6YS6EN2CT7,OnDemand,$4.386 per Dedicated Usage RHEL r4.16xlarge Instance Hour,01/08/2018,0,Inf,Hrs,4.386,USD,,,,Compute Instance,AmazonEC2,US East (N. Virginia),AWS Region,r4.16xlarge,Yes,Memory optimized,64,Intel Xeon E5-2686 v4 (Broadwell),2.3 GHz,488 GiB,EBS only,20 Gigabit,64-bit,,,,,,,,Dedicated,,RHEL,No License required,,,,,,,,DedicatedUsage:r4.16xlarge,RunInstances:0010,Used,12000 Mbps,195,,Yes,,,,,,,,,,,,,,,,,,,,128,,NA,"Intel AVX, Intel AVX2, Intel Turbo",Amazon Elastic Compute Cloud
V8J7UTRH4P2HW8YW,JRTCKXETXF,V8J7UTRH4P2HW8YW.JRTCKXETXF.6YS6EN2CT7,OnDemand,$0.715 per Dedicated Usage RHEL r4.2xlarge Instance Hour,01/08/2018,0,Inf,Hrs,0.715,USD,,,,Compute Instance,AmazonEC2,US East (N. Virginia),AWS Region,r4.2xlarge,Yes,Memory optimized,8,Intel Xeon E5-2686 v4 (Broadwell),2.3 GHz,61 GiB,EBS only,Up to 10 Gigabit,64-bit,,,,,,,,Dedicated,,RHEL,No License required,,,,,,,,DedicatedUsage:r4.2xlarge,RunInstances:0010,Used,1600 Mbps,27,,Yes,,,,,,,,,,,,,,,,,,,,16,,NA,"Intel AVX, Intel AVX2, Intel Turbo",Amazon Elastic Compute Cloud
AAWCKPS6CUV38XXA,JRTCKXETXF,AAWCKPS6CUV38XXA.JRTCKXETXF.6YS6EN2CT7,OnDemand,$1.3 per Dedicated Usage RHEL r4.4xlarge Instance Hour,01/08/2018,0,Inf,Hrs,1.3,USD,,,,Compute Instance,AmazonEC2,US East (N. Virginia),AWS Region,r4.4xlarge,Yes,Memory optimized,16,Intel Xeon E5-2686 v4 (Broadwell),2.3 GHz,122 GiB,EBS only,Up to 10 Gigabit,64-bit,,,,,,,,Dedicated,,RHEL,No License required,,,,,,,,DedicatedUsage:r4.4xlarge,RunInstances:0010,Used,3000 Mbps,53,,Yes,,,,,,,,,,,,,,,,,,,,32,,NA,"Intel AVX, Intel AVX2, Intel Turbo",Amazon Elastic Compute Cloud
EZC8PDJ8658WHH9T,JRTCKXETXF,EZC8PDJ8658WHH9T.JRTCKXETXF.6YS6EN2CT7,OnDemand,$2.471 per Dedicated Usage RHEL r4.8xlarge Instance Hour,01/08/2018,0,Inf,Hrs,2.471,USD,,,,Compute Instance,AmazonEC2,US East (N. Virginia),AWS Region,r4.8xlarge,Yes,Memory optimized,32,Intel Xeon E5-2686 v4 (Broadwell),2.3 GHz,244 GiB,EBS only,10 Gigabit,64-bit,,,,,,,,Dedicated,,RHEL,No License required,,,,,,,,DedicatedUsage:r4.8xlarge,RunInstances:0010,Used,6000 Mbps,99,,Yes,,,,,,,,,,,,,,,,,,,,64,,NA,"Intel AVX, Intel AVX2, Intel Turbo",Amazon Elastic Compute Cloud
ZVFV8KSWQPNVNYCW,JRTCKXETXF,ZVFV8KSWQPNVNYCW.JRTCKXETXF.6YS6EN2CT7,OnDemand,$0.206 per Dedicated Usage RHEL r4.large Instance Hour,01/08/2018,0,Inf,Hrs,0.206,USD,,,,Compute Instance,AmazonEC2,US East (N. Virginia),AWS Region,r4.large,Yes,Memory optimized,2,Intel Xeon E5-2686 v4 (Broadwell),2.3 GHz,15.25 GiB,EBS only,Up to 10 Gigabit,64-bit,,,,,,,,Dedicated,,RHEL,No License required,,,,,,,,DedicatedUsage:r4.large,RunInstances:0010,Used,400 Mbps,7,,Yes,,,,,,,,,,,,,,,,,,,,4,,NA,"Intel AVX, Intel AVX2, Intel Turbo",Amazon Elastic Compute Cloud
SR2X29MBY6K3S2UM,JRTCKXETXF,SR2X29MBY6K3S2UM.JRTCKXETXF.6YS6EN2CT7,OnDemand,$0.423 per Dedicated Usage RHEL r4.xlarge Instance Hour,01/08/2018,0,Inf,Hrs,0.423,USD,,,,Compute Instance,AmazonEC2,US East (N. Virginia),AWS Region,r4.xlarge,Yes,Memory optimized,4,Intel Xeon E5-2686 v4 (Broadwell),2.3 GHz,30.5 GiB,EBS only,Up to 10 Gigabit,64-bit,,,,,,,,Dedicated,,RHEL,No License required,,,,,,,,DedicatedUsage:r4.xlarge,RunInstances:0010,Used,800 Mbps,13.5,,Yes,,,,,,,,,,,,,,,,,,,,8,,NA,"Intel AVX, Intel AVX2, Intel Turbo",Amazon Elastic Compute Cloud
95P79QDY8J38YHGH,JRTCKXETXF,95P79QDY8J38YHGH.JRTCKXETXF.6YS6EN2CT7,OnDemand,$3.335 per Dedicated RHEL r5.12xlarge Instance Hour,01/08/2018,0,Inf,Hrs,3.335,USD,,,,Compute Instance,AmazonEC2,US East (N. Virginia),AWS Region,r5.12xlarge,Yes,Memory optimized,48,Intel Xeon Platinum 8175,,384 GiB,EBS only,10 Gigabit,64-bit,,,,,,,,Dedicated,,RHEL,No License required,,,,,,,,DedicatedUsage:r5.12xlarge,RunInstances:0010,Used,,173,,,,,,,,,,,,,,,,,,,,,,96,,NA,,Amazon Elastic Compute Cloud
6PZT23V64X8ZVYMS,JRTCKXETXF,6PZT23V64X8ZVYMS.JRTCKXETXF.6YS6EN2CT7,OnDemand,$6.178 per Dedicated RHEL r5.24xlarge Instance Hour,01/08/2018,0,Inf,Hrs,6.178,USD,,,,Compute Instance,AmazonEC2,US East (N. Virginia),AWS Region,r5.24xlarge,Yes,Memory optimized,96,Intel Xeon Platinum 8175,,768 GiB,EBS only,25 Gigabit,64-bit,,,,,,,,Dedicated,,RHEL,No License required,,,,,,,,DedicatedUsage:r5.24xlarge,RunInstances:0010,Used,,345,,,,,,,,,,,,,,,,,,,,,,192,,NA,,Amazon Elastic Compute Cloud
FR4ER3NWUPC9U4G7,JRTCKXETXF,FR4ER3NWUPC9U4G7.JRTCKXETXF.6YS6EN2CT7,OnDemand,$0.664 per Dedicated RHEL r5.2xlarge Instance Hour,01/08/2018,0,Inf,Hrs,0.664,USD,,,,Compute Instance,AmazonEC2,US East (N. Virginia),AWS Region,r5.2xlarge,Yes,Memory optimized,8,Intel Xeon Platinum 8175,,64 GiB,EBS only,10 Gigabit,64-bit,,,,,,,,Dedicated,,RHEL,No License required,,,,,,,,DedicatedUsage:r5.2xlarge,RunInstances:0010,Used,,31,,,,,,,,,,,,,,,,,,,,,,16,,NA,,Amazon Elastic Compute Cloud
CBWJ93CRA7U6JD3A,JRTCKXETXF,CBWJ93CRA7U6JD3A.JRTCKXETXF.6YS6EN2CT7,OnDemand,$1.198 per Dedicated RHEL r5.4xlarge Instance Hour,01/08/2018,0,Inf,Hrs,1.198,USD,,,,Compute Instance,AmazonEC2,US East (N. Virginia),AWS Region,r5.4xlarge,Yes,Memory optimized,16,Intel Xeon Platinum 8175,,128 GiB,EBS only,10 Gigabit,64-bit,,,,,,,,Dedicated,,RHEL,No License required,,,,,,,,DedicatedUsage:r5.4xlarge,RunInstances:0010,Used,,60,,,,,,,,,,,,,,,,,,,,,,32,,NA,,Amazon Elastic Compute Cloud
3KXVZMKF3HTE2SM6,JRTCKXETXF,3KXVZMKF3HTE2SM6.JRTCKXETXF.6YS6EN2CT7,OnDemand,$0.194 per Dedicated RHEL r5.large Instance Hour,01/08/2018,0,Inf,Hrs,0.194,USD,,,,Compute Instance,AmazonEC2,US East (N. Virginia),AWS Region,r5.large,Yes,Memory optimized,2,Intel Xeon Platinum 8175,,16 GiB,EBS only,10 Gigabit,64-bit,,,,,,,,Dedicated,,RHEL,No License required,,,,,,,,DedicatedUsage:r5.large,RunInstances:0010,Used,,8,,,,,,,,,,,,,,,,,,,,,,4,,NA,,Amazon Elastic Compute Cloud
9VVPV6PV724E6ZPD,JRTCKXETXF,9VVPV6PV724E6ZPD.JRTCKXETXF.6YS6EN2CT7,OnDemand,$0.327 per Dedicated RHEL r5.xlarge Instance Hour,01/08/2018,0,Inf,Hrs,0.327,USD,,,,Compute Instance,AmazonEC2,US East (N. Virginia),AWS Region,r5.xlarge,Yes,Memory optimized,4,Intel Xeon Platinum 8175,,32 GiB,EBS only,10 Gigabit,64-bit,,,,,,,,Dedicated,,RHEL,No License required,,,,,,,,DedicatedUsage:r5.xlarge,RunInstances:0010,Used,,16,,,,,,,,,,,,,,,,,,,,,,8,,NA,,Amazon Elastic Compute Cloud
DHE8XDKEGJB8C4Y3,JRTCKXETXF,DHE8XDKEGJB8C4Y3.JRTCKXETXF.6YS6EN2CT7,OnDemand,$3.794 per Dedicated RHEL r5d.12xlarge Instance Hour,01/08/2018,0,Inf,Hrs,3.794,USD,,,,Compute Instance,AmazonEC2,US East (N. Virginia),AWS Region,r5d.12xlarge,Yes,Memory optimized,48,Intel Xeon Platinum 8175,,384 GiB,2 x 900 NVMe SSD,10 Gigabit,64-bit,,,,,,,,Dedicated,,RHEL,No License required,,,,,,,,DedicatedUsage:r5d.12xlarge,RunInstances:0010,Used,,173,,,,,,,,,,,,,,,,,,,,,,96,,NA,,Amazon Elastic Compute Cloud
55CZHPAGDS7ZE5Y6,JRTCKXETXF,55CZHPAGDS7ZE5Y6.JRTCKXETXF.6YS6EN2CT7,OnDemand,$7.042 per Dedicated RHEL r5d.24xlarge Instance Hour,01/08/2018,0,Inf,Hrs,7.042,USD,,,,Compute Instance,AmazonEC2,US East (N. Virginia),AWS Region,r5d.24xlarge,Yes,Memory optimized,96,Intel Xeon Platinum 8175,,768 GiB,4 x 900 NVMe SSD,25 Gigabit,64-bit,,,,,,,,Dedicated,,RHEL,No License required,,,,,,,,DedicatedUsage:r5d.24xlarge,RunInstances:0010,Used,,345,,,,,,,,,,,,,,,,,,,,,,192,,NA,,Amazon Elastic Compute Cloud
X59K2D2EDGU27GNA,JRTCKXETXF,X59K2D2EDGU27GNA.JRTCKXETXF.6YS6EN2CT7,OnDemand,$0.741 per Dedicated RHEL r5d.2xlarge Instance Hour,01/08/2018,0,Inf,Hrs,0.741,USD,,,,Compute Instance,AmazonEC2,US East (N. Virginia),AWS Region,r5d.2xlarge,Yes,Memory optimized,8,Intel Xeon Platinum 8175,,64 GiB,1 x 300 NVMe SSD,10 Gigabit,64-bit,,,,,,,,Dedicated,,RHEL,No License required,,,,,,,,DedicatedUsage:r5d.2xlarge,RunInstances:0010,Used,,31,,,,,,,,,,,,,,,,,,,,,,16,,NA,,Amazon Elastic Compute Cloud
GX46Y2D9ZCPZBUCQ,JRTCKXETXF,GX46Y2D9ZCPZBUCQ.JRTCKXETXF.6YS6EN2CT7,OnDemand,$1.351 per Dedicated RHEL r5d.4xlarge Instance Hour,01/08/2018,0,Inf,Hrs,1.351,USD,,,,Compute Instance,AmazonEC2,US East (N. Virginia),AWS Region,r5d.4xlarge,Yes,Memory optimized,16,Intel Xeon Platinum 8175,,128 GiB,2 x 300 NVMe SSD,10 Gigabit,64-bit,,,,,,,,Dedicated,,RHEL,No License required,,,,,,,,DedicatedUsage:r5d.4xlarge,RunInstances:0010,Used,,60,,,,,,,,,,,,,,,,,,,,,,32,,NA,,Amazon Elastic Compute Cloud
UMMEQAGV78M9Z54X,JRTCKXETXF,UMMEQAGV78M9Z54X.JRTCKXETXF.6YS6EN2CT7,OnDemand,$0.213 per Dedicated RHEL r5d.large Instance Hour,01/08/2018,0,Inf,Hrs,0.213,USD,,,,Compute Instance,AmazonEC2,US East (N. Virginia),AWS Region,r5d.large,Yes,Memory optimized,2,Intel Xeon Platinum 8175,,16 GiB,1 x 75 NVMe SSD,10 Gigabit,64-bit,,,,,,,,Dedicated,,RHEL,No License required,,,,,,,,DedicatedUsage:r5d.large,RunInstances:0010,Used,,8,,,,,,,,,,,,,,,,,,,,,,4,,NA,,Amazon Elastic Compute Cloud
ZSGVG6XJ3DN9Z285,JRTCKXETXF,ZSGVG6XJ3DN9Z285.JRTCKXETXF.6YS6EN2CT7,OnDemand,$0.365 per Dedicated RHEL r5d.xlarge Instance Hour,01/08/2018,0,Inf,Hrs,0.365,USD,,,,Compute Instance,AmazonEC2,US East (N. Virginia),AWS Region,r5d.xlarge,Yes,Memory optimized,4,Intel Xeon Platinum 8175,,32 GiB,1 x 150 NVMe SSD,10 Gigabit,64-bit,,,,,,,,Dedicated,,RHEL,No License required,,,,,,,,DedicatedUsage:r5d.xlarge,RunInstances:0010,Used,,16,,,,,,,,,,,,,,,,,,,,,,8,,NA,,Amazon Elastic Compute Cloud
TRZ6E8JSBS5WZR6G,JRTCKXETXF,TRZ6E8JSBS5WZR6G.JRTCKXETXF.6YS6EN2CT7,OnDemand,$7.466 per Dedicated Usage RHEL x1.16xlarge Instance Hour,01/08/2018,0,Inf,Hrs,7.466,USD,,,,Compute Instance,AmazonEC2,US East (N. Virginia),AWS Region,x1.16xlarge,Yes,Memory optimized,64,High Frequency Intel Xeon E7-8880 v3 (Haswell),2.3 GHz,976 GiB,1 x 1920 SSD,High,64-bit,,,,,,,,Dedicated,,RHEL,No License required,,,,,,,,DedicatedUsage:x1.16xlarge,RunInstances:0010,Used,,174.5,,Yes,,,,,,,,,,,,,,,,,Yes,Yes,Yes,128,,NA,,Amazon Elastic Compute Cloud
6U2SB7CVRVWJEX22,JRTCKXETXF,6U2SB7CVRVWJEX22.JRTCKXETXF.6YS6EN2CT7,OnDemand,$13.468 per Dedicated Usage RHEL x1.32xlarge Instance Hour,01/08/2018,0,Inf,Hrs,13.468,USD,,,,Compute Instance,AmazonEC2,US East (N. Virginia),AWS Region,x1.32xlarge,Yes,Memory optimized,128,High Frequency Intel Xeon E7-8880 v3 (Haswell),2.3 GHz,"1,952 GiB",2 x 1920 SSD,High,64-bit,,,,,,,,Dedicated,,RHEL,No License required,,,,,,,,DedicatedUsage:x1.32xlarge,RunInstances:0010,Used,,349,,Yes,,,,,,,,,,,,,,,,,Yes,Yes,Yes,256,,NA,,Amazon Elastic Compute Cloud
TE2QPK3WJ4MBEASP,JRTCKXETXF,TE2QPK3WJ4MBEASP.JRTCKXETXF.6YS6EN2CT7,OnDemand,$14.808 per Dedicated RHEL x1e.16xlarge Instance Hour,01/08/2018,0,Inf,Hrs,14.808,USD,,,,Compute Instance,AmazonEC2,US East (N. Virginia),AWS Region,x1e.16xlarge,Yes,Memory optimized,64,High Frequency Intel Xeon E7-8880 v3 (Haswell),2.3 GHz,"1,952 GiB",1 x 1920 SSD,10 Gigabit,64-bit,,,,,,,,Dedicated,,RHEL,No License required,,,,,,,,DedicatedUsage:x1e.16xlarge,RunInstances:0010,Used,7000 Mbps,179,,Yes,,,,,,,,,,,,,,,,,Yes,Yes,Yes,128,,NA,"Intel AVX, Intel AVX2, Intel Turbo",Amazon Elastic Compute Cloud
29WJRTNV2QJXKUW5,JRTCKXETXF,29WJRTNV2QJXKUW5.JRTCKXETXF.6YS6EN2CT7,OnDemand,$1.965 per Dedicated RHEL x1e.2xlarge Instance Hour,01/08/2018,0,Inf,Hrs,1.965,USD,,,,Compute Instance,AmazonEC2,US East (N. Virginia),AWS Region,x1e.2xlarge,Yes,Memory optimized,8,High Frequency Intel Xeon E7-8880 v3 (Haswell),2.3 GHz,244 GiB,1 x 240 SSD,Up to 10 Gigabit,64-bit,,,,,,,,Dedicated,,RHEL,No License required,,,,,,,,DedicatedUsage:x1e.2xlarge,RunInstances:0010,Used,1000 Mbps,23,,Yes,,,,,,,,,,,,,,,,,Yes,Yes,,16,,NA,"Intel AVX, Intel AVX2",Amazon Elastic Compute Cloud
DFJU7MKX4S9ZU689,JRTCKXETXF,DFJU7MKX4S9ZU689.JRTCKXETXF.6YS6EN2CT7,OnDemand,$26.818 per Dedicated RHEL x1e.32xlarge Instance Hour,01/08/2018,0,Inf,Hrs,26.818,USD,,,,Compute Instance,AmazonEC2,US East (N. Virginia),AWS Region,x1e.32xlarge,Yes,Memory optimized,128,High Frequency Intel Xeon E7-8880 v3 (Haswell),2.3 GHz,"3,904 GiB","2 x 1,920 SSD",25 Gigabit,64-bit,,,,,,,,Dedicated,,RHEL,No License required,,,,,,,,DedicatedUsage:x1e.32xlarge,RunInstances:0010,Used,14000 Mbps,340,,Yes,,,,,,,,,,,,,,,,,Yes,Yes,Yes,256,,NA,"Intel AVX, Intel AVX2, Intel Turbo",Amazon Elastic Compute Cloud
8U8GT7P4FU5ABATQ,JRTCKXETXF,8U8GT7P4FU5ABATQ.JRTCKXETXF.6YS6EN2CT7,OnDemand,$3.80 per Dedicated RHEL x1e.4xlarge Instance Hour,01/08/2018,0,Inf,Hrs,3.8,USD,,,,Compute Instance,AmazonEC2,US East (N. Virginia),AWS Region,x1e.4xlarge,Yes,Memory optimized,16,High Frequency Intel Xeon E7-8880 v3 (Haswell),2.3 GHz,488 GiB,1 x 480 SSD,Up to 10 Gigabit,64-bit,,,,,,,,Dedicated,,RHEL,No License required,,,,,,,,DedicatedUsage:x1e.4xlarge,RunInstances:0010,Used,1750 Mbps,47,,Yes,,,,,,,,,,,,,,,,,Yes,Yes,,32,,NA,"Intel AVX, Intel AVX2",Amazon Elastic Compute Cloud
VJ4XPF7YHUHKA3ZJ,JRTCKXETXF,VJ4XPF7YHUHKA3ZJ.JRTCKXETXF.6YS6EN2CT7,OnDemand,$7.469 per Dedicated RHEL x1e.8xlarge Instance Hour,01/08/2018,0,Inf,Hrs,7.469,USD,,,,Compute Instance,AmazonEC2,US East (N. Virginia),AWS Region,x1e.8xlarge,Yes,Memory optimized,32,High Frequency Intel Xeon E7-8880 v3 (Haswell),2.3 GHz,976 GiB,1 x 960 SSD,Up to 10 Gigabit,64-bit,,,,,,,,Dedicated,,RHEL,No License required,,,,,,,,DedicatedUsage:x1e.8xlarge,RunInstances:0010,Used,3500 Mbps,91,,Yes,,,,,,,,,,,,,,,,,Yes,Yes,Yes,64,,NA,"Intel AVX, Intel AVX2, Intel Turbo",Amazon Elastic Compute Cloud
BYDPYVAT6B57HKJT,JRTCKXETXF,BYDPYVAT6B57HKJT.JRTCKXETXF.6YS6EN2CT7,OnDemand,$0.977 per Dedicated RHEL x1e.xlarge Instance Hour,01/08/2018,0,Inf,Hrs,0.977,USD,,,,Compute Instance,AmazonEC2,US East (N. Virginia),AWS Region,x1e.xlarge,Yes,Memory optimized,4,High Frequency Intel Xeon E7-8880 v3 (Haswell),2.3 GHz,122 GiB,1 x 120 SSD,Up to 10 Gigabit,64-bit,,,,,,,,Dedicated,,RHEL,No License required,,,,,,,,DedicatedUsage:x1e.xlarge,RunInstances:0010,Used,500 Mbps,12,,Yes,,,,,,,,,,,,,,,,,Yes,Yes,,8,,NA,"Intel AVX, Intel AVX2",Amazon Elastic Compute Cloud
GDJQRCXED5CDTAZM,JRTCKXETXF,GDJQRCXED5CDTAZM.JRTCKXETXF.6YS6EN2CT7,OnDemand,$4.594 per Dedicated RHEL z1d.12xlarge Instance Hour,01/08/2018,0,Inf,Hrs,4.594,USD,,,,Compute Instance,AmazonEC2,US East (N. Virginia),AWS Region,z1d.12xlarge,Yes,Memory optimized,48,Intel Xeon Platinum 8151,,384 GiB,2 x 900 NVMe SSD,25 Gigabit,64-bit,,,,,,,,Dedicated,,RHEL,No License required,,,,,,,,DedicatedUsage:z1d.12xlarge,RunInstances:0010,Used,,235,,,,,,,,,,,,,,,,,,,,,,96,,NA,,Amazon Elastic Compute Cloud
8M4QSBVC7G9RRSCA,JRTCKXETXF,8M4QSBVC7G9RRSCA.JRTCKXETXF.6YS6EN2CT7,OnDemand,$0.919 per Dedicated RHEL z1d.2xlarge Instance Hour,01/08/2018,0,Inf,Hrs,0.919,USD,,,,Compute Instance,AmazonEC2,US East (N. Virginia),AWS Region,z1d.2xlarge,Yes,Memory optimized,8,Intel Xeon Platinum 8151,,64 GiB,1 x 300 NVMe SSD,Up to 10 Gigabit,64-bit,,,,,,,,Dedicated,,RHEL,No License required,,,,,,,,DedicatedUsage:z1d.2xlarge,RunInstances:0010,Used,,43,,,,,,,,,,,,,,,,,,,,,,16,,NA,,Amazon Elastic Compute Cloud
75EWHWHWR8WXYG2K,JRTCKXETXF,75EWHWHWR8WXYG2K.JRTCKXETXF.6YS6EN2CT7,OnDemand,$1.313 per Dedicated RHEL z1d.3xlarge Instance Hour,01/08/2018,0,Inf,Hrs,1.313,USD,,,,Compute Instance,AmazonEC2,US East (N. Virginia),AWS Region,z1d.3xlarge,Yes,Memory optimized,12,Intel Xeon Platinum 8151,,96 GiB,1 x 450 NVMe SSD,Up to 10 Gigabit,64-bit,,,,,,,,Dedicated,,RHEL,No License required,,,,,,,,DedicatedUsage:z1d.3xlarge,RunInstances:0010,Used,,65,,,,,,,,,,,,,,,,,,,,,,24,,NA,,Amazon Elastic Compute Cloud
CDWXV8N4ZP9YP2XW,JRTCKXETXF,CDWXV8N4ZP9YP2XW.JRTCKXETXF.6YS6EN2CT7,OnDemand,$2.496 per Dedicated RHEL z1d.6xlarge Instance Hour,01/08/2018,0,Inf,Hrs,2.496,USD,,,,Compute Instance,AmazonEC2,US East (N. Virginia),AWS Region,z1d.6xlarge,Yes,Memory optimized,24,Intel Xeon Platinum 8151,,192 GiB,1 x 900 NVMe SSD,10 Gigabit,64-bit,,,,,,,,Dedicated,,RHEL,No License required,,,,,,,,DedicatedUsage:z1d.6xlarge,RunInstances:0010,Used,,128,,,,,,,,,,,,,,,,,,,,,,48,,NA,,Amazon Elastic Compute Cloud
TGCWMUYJSABQB58X,JRTCKXETXF,TGCWMUYJSABQB58X.JRTCKXETXF.6YS6EN2CT7,OnDemand,$0.257 per Dedicated RHEL z1d.large Instance Hour,01/08/2018,0,Inf,Hrs,0.257,USD,,,,Compute Instance,AmazonEC2,US East (N. Virginia),AWS Region,z1d.large,Yes,Memory optimized,2,Intel Xeon Platinum 8151,,16 GiB,1 x 75 NVMe SSD,Up to 10 Gigabit,64-bit,,,,,,,,Dedicated,,RHEL,No License required,,,,,,,,DedicatedUsage:z1d.large,RunInstances:0010,Used,,11,,,,,,,,,,,,,,,,,,,,,,4,,NA,,Amazon Elastic Compute Cloud
